theme,type,grammar_focus,text
ලිවීම,clean_sentence,general,අපි ආරාධනා පත්‍රයක් සකස් කළෙමු.
භාෂා භාවිතය,clean_sentence,ව්‍යාකරණ_අතීත_කාලය,අපි පුස්තකාලයට ගියෙමු.
පාසල,clean_sentence,general,මම මගේ පාසල් බෑගය පිළිවෙළට සකස් කරමි.
ප්‍රජාව,clean_sentence,general,අපේ ගමේ උත්සවයට බොහෝ දෙනෙක් සහභාගි වූහ.
භාෂා භාවිතය,clean_sentence,ව්‍යාකරණ_වර්තමාන_බහුවචන,ගැහැනු ළමයි පාඩම් කරති.
දෛනික ජීවිතය,clean_sentence,බහුවචන ක්‍රියාපද,පාසලේදී අපි චිත්‍ර අඳිමු.
දෛනික ජීවිතය,clean_sentence,බහුවචන ක්‍රියාපද,වත්තේදී අපි පොත් කියවමු.
භාෂා භාවිතය,clean_sentence,ව්‍යාකරණ_කර්තෘ_ක්‍රියා_සම්බන්ධය,ළමයි පොත් කියවති.
දෛනික ජීවිතය,clean_sentence,ක්‍රියාපද භාවිතය,ක්‍රීඩා පිටියේදී මම සටහනක් ලියමි.
ලිවීම,clean_sentence,general,මම මගේ අනාගත බලාපොරොත්තුව ගැන වාක්‍ය පහක් ලියමි.
භාෂා භාවිතය,clean_sentence,ව්‍යාකරණ_කර්තෘ_ක්‍රියා_සම්බන්ධය,ගස වැඩෙයි.
දෛනික ජීවිතය,clean_sentence,බහුවචන ක්‍රියාපද,පාසලේදී අපි ගස් රැකබලා ගනිමු.
පරිසරය,clean_sentence,general,අපේ ගමේ මාර්ගය දෙපස ගස් තිබේ.
විනෝදය_කලාව,clean_sentence,general,අපි විවේක වේලාවේදී ක්‍රීඩා කරමු.
භාෂා භාවිතය,clean_sentence,ව්‍යාකරණ_අතීත_කාලය,මිතුරෝ ගීයක් ගැයූහ.
භාෂා භාවිතය,clean_sentence,ව්‍යාකරණ_සර්වනාම_වාක්‍ය,එම කතාව ඉතා රසවත්ය.
පරිසරය,clean_sentence,general,අපි ගසක් සිටුවා එයට ජලය දැමුවෙමු.
භාෂා භාවිතය,clean_sentence,ව්‍යාකරණ_අනාගත_අර්ථය,මිතුරෝ හෙට ක්‍රීඩා කරති.
දෛනික ජීවිතය,clean_sentence,ක්‍රියාපද භාවිතය,ක්‍රීඩා පිටියේදී මම ගීයක් ගයමි.
දෛනික ජීවිතය,clean_sentence,බහුවචන ක්‍රියාපද,නිවසේදී අපි ගී ගයමු.
දෛනික ජීවිතය,clean_sentence,ක්‍රියාපද භාවිතය,පාසලේදී මම පොත කියවමි.
දෛනික ජීවිතය,clean_sentence,ක්‍රියාපද භාවිතය,වත්තේදී මම පන්ති කාමරය පිරිසිදු කරමි.
සෞඛ්‍යය,clean_sentence,general,ප්‍රමාණවත් නින්දක් ලබා ගැනීම ශරීරයට වැදගත්ය.
භාෂා භාවිතය,clean_sentence,ව්‍යාකරණ_අනාගත_අර්ථය,මම අද සවස පාඩම් කරමි.
භාෂා භාවිතය,clean_sentence,විධාන_වාක්‍ය,අත් සෝදා ආහාර ගන්න.
දෛනික ජීවිතය,clean_sentence,බහුවචන ක්‍රියාපද,පුස්තකාලයේදී අපි ගී ගයමු.
ප්‍රජාව,clean_sentence,general,ගමේ පුස්තකාලය ළමයින්ට ප්‍රයෝජනවත්ය.
දෛනික ජීවිතය,clean_sentence,ක්‍රියාපද භාවිතය,ක්‍රීඩා පිටියේදී මම චිත්‍රයක් අඳිමි.
දෛනික ජීවිතය,clean_sentence,බහුවචන ක්‍රියාපද,නිවසේදී අපි එකිනෙකාට උදව් කරමු.
භාෂා භාවිතය,clean_sentence,ව්‍යාකරණ_අනාගත_අර්ථය,කවිඳු හෙට චිත්‍රයක් අඳියි.
ප්‍රජාව,clean_context,වාක්‍ය සම්බන්ධ කිරීම,අපේ ගමේ පාරේ කසළ තිබුණි. අපි එකතු වී පාර පිරිසිදු කළෙමු.
සෞඛ්‍යය,clean_sentence,general,මම උදෑසන දත් මදිමි.
විනෝදය_කලාව,clean_sentence,general,කවියක් කියවීමෙන් මගේ සිත සතුටු වේ.
පරිසරය,clean_context,වාක්‍ය සම්බන්ධ කිරීම,අපේ පන්තිය වත්තේ ගසක් සිටුවීය. අපි සෑම දිනකම එයට ජලය දමමු.
පවුල,clean_sentence,general,අපි සවස එකට කතා කරමු.
දෛනික ජීවිතය,clean_sentence,ක්‍රියාපද භාවිතය,නිවසේදී මම මිතුරාට උදව් කරමි.
භාෂා භාවිතය,clean_sentence,ව්‍යාකරණ_වර්තමාන_බහුවචන,අපි කියවති.
පරිසරය,clean_sentence,general,වැසි වැටුණු පසු වත්තේ පැළ නැවුම් විය.
දෛනික ජීවිතය,clean_sentence,බහුවචන ක්‍රියාපද,වත්තේදී අපි ගස් රැකබලා ගනිමු.
භාෂා භාවිතය,clean_sentence,ව්‍යාකරණ_අතීත_කාලය,අමා කතාවක් කියෙව්වාය.
භාෂා භාවිතය,clean_sentence,ව්‍යාකරණ_සර්වනාම_වාක්‍ය,ඔවුහු පන්ති කාමරය පිරිසිදු කළහ.
පවුල,clean_sentence,general,අම්මා උදෑසන අපට රසවත් ආහාරයක් සකස් කරයි.
දෛනික ජීවිතය,clean_sentence,බහුවචන ක්‍රියාපද,පුස්තකාලයේදී අපි එකිනෙකාට උදව් කරමු.
කියවීම,clean_sentence,general,මම සෑම දිනකම කතා පොතක් කියවමි.
ලිවීම,clean_sentence,general,මම අද දිනපොතේ සටහනක් ලීවෙමි.
දෛනික ජීවිතය,clean_sentence,බහුවචන ක්‍රියාපද,වත්තේදී අපි ගී ගයමු.
භාෂා භාවිතය,clean_sentence,ව්‍යාකරණ_වර්තමාන_බහුවචන,මිතුරෝ බලති.
ප්‍රජාව,clean_sentence,general,හොඳ පුරවැසියෙකු ලෙස වගකීමෙන් කටයුතු කළ යුතුය.
පාසල,clean_sentence,general,පාසලේ ගස්වලට අපි ජලය දමමු.
දෛනික ජීවිතය,clean_sentence,බහුවචන ක්‍රියාපද,වත්තේදී අපි චිත්‍ර අඳිමු.
භාෂා භාවිතය,clean_sentence,ව්‍යාකරණ_අනාගත_අර්ථය,ළමයි හෙට පාසල් උත්සවයට සහභාගි වෙති.
මිත්‍රත්වය,clean_sentence,general,අපි සෙල්ලම් කරන විට නීති පිළිපදිමු.
පාසල,clean_sentence,general,මම අද පාසලේදී අලුත් කවියක් ඉගෙන ගත්තෙමි.
භාෂා භාවිතය,clean_sentence,ව්‍යාකරණ_කර්තෘ_ක්‍රියා_සම්බන්ධය,ළමයා පොත කියවයි.
සෞඛ්‍යය,clean_sentence,general,සෞඛ්‍යය සඳහා පිරිසිදු ආහාර ගැනීම වැදගත්ය.
පාසල,clean_sentence,general,අපි විවේක කාලයේදී ක්‍රීඩා පිටියේ සෙල්ලම් කරමු.
පවුල,clean_sentence,general,අපේ පවුලේ සියලු දෙනා එකිනෙකාට ආදරය කරති.
විනෝදය_කලාව,clean_sentence,general,අපි පාසල් වේදිකාවේ නාට්‍යයක් ඉදිරිපත් කළෙමු.
භාෂා භාවිතය,clean_sentence,ව්‍යාකරණ_අනාගත_අර්ථය,අපි නිවාඩුවේදී ආච්චිගේ නිවසට යමු.
දෛනික ජීවිතය,clean_sentence,ක්‍රියාපද භාවිතය,පාසලේදී මම ගසට ජලය දමමි.
භාෂා භාවිතය,clean_sentence,ප්‍රශ්න_වාක්‍ය,ඔබට කැමතිම ක්‍රීඩාව කුමක්ද?
දෛනික ජීවිතය,clean_sentence,බහුවචන ක්‍රියාපද,නිවසේදී අපි ගස් රැකබලා ගනිමු.
භාෂා භාවිතය,clean_sentence,ව්‍යාකරණ_වර්තමාන_ඒකවචන,ගුරුවරිය කතාවක් කියයි.
දෛනික ජීවිතය,clean_sentence,බහුවචන ක්‍රියාපද,පාසලේදී අපි එකිනෙකාට උදව් කරමු.
පාසල,clean_sentence,general,සිසුහු පන්ති කාමරය පිරිසිදුව තබති.
භාෂා භාවිතය,clean_sentence,විධාන_වාක්‍ය,පන්ති කාමරය පිරිසිදුව තබන්න.
දෛනික ජීවිතය,clean_sentence,බහුවචන ක්‍රියාපද,ක්‍රීඩා පිටියේදී අපි පොත් කියවමු.
ප්‍රජාව,clean_sentence,general,අපි ගමේ පාර පිරිසිදු කළෙමු.
භාෂා භාවිතය,clean_sentence,ව්‍යාකරණ_වර්තමාන_ඒකවචන,ගුරුවරයා ගීයක් ගයයි.
භාෂා භාවිතය,clean_sentence,විධාන_වාක්‍ය,පොත් පිළිවෙළට තබන්න.
භාෂා භාවිතය,clean_sentence,ප්‍රශ්න_වාක්‍ය,අපි ගසක් සිටුවන්නේ කොහේද?
ලිවීම,clean_sentence,general,නිවැරදි අක්ෂර වින්‍යාසය භාවිත කිරීම වැදගත්ය.
භාෂා භාවිතය,clean_sentence,ව්‍යාකරණ_අතීත_කාලය,රවිඳු ක්‍රීඩා කළේය.
දෛනික ජීවිතය,clean_sentence,බහුවචන ක්‍රියාපද,වත්තේදී අපි සටහන් ලියමු.
විනෝදය_කලාව,clean_sentence,general,නිර්මාණාත්මක වැඩවලට ළමයි කැමතියි.
කියවීම,clean_sentence,general,ළමයි පොත් හුවමාරු කරගෙන කියවති.
පවුල,clean_sentence,general,මගේ අයියා පොත් කියවීමට කැමතියි.
විනෝදය_කලාව,clean_sentence,general,කලා කටයුතු මඟින් අපගේ අදහස් ප්‍රකාශ කළ හැකිය.
දෛනික ජීවිතය,clean_sentence,බහුවචන ක්‍රියාපද,ක්‍රීඩා පිටියේදී අපි සටහන් ලියමු.
සෞඛ්‍යය,clean_sentence,general,පලතුරු සහ එළවළු ආහාරයට ගැනීම හොඳ පුරුද්දකි.
කියවීම,clean_sentence,general,මම කියවූ කතාව මගේ මිතුරාට පැවසුවෙමි.
පාසල,clean_sentence,general,අපේ පාසලේ විශාල පුස්තකාලයක් තිබේ.
දෛනික ජීවිතය,clean_sentence,බහුවචන ක්‍රියාපද,වත්තේදී අපි පන්ති කාමරය පිරිසිදු කරමු.
දෛනික ජීවිතය,clean_sentence,බහුවචන ක්‍රියාපද,පාසලේදී අපි ගුරුවරියට සවන් දෙමු.
දෛනික ජීවිතය,clean_sentence,බහුවචන ක්‍රියාපද,පාසලේදී අපි සටහන් ලියමු.
කියවීම,clean_sentence,general,ගුරුවරිය අපට නිවැරදිව කියවීමට මඟ පෙන්වයි.
දෛනික ජීවිතය,clean_sentence,ක්‍රියාපද භාවිතය,පාසලේදී මම පන්ති කාමරය පිරිසිදු කරමි.
දෛනික ජීවිතය,clean_sentence,බහුවචන ක්‍රියාපද,ක්‍රීඩා පිටියේදී අපි චිත්‍ර අඳිමු.
ප්‍රජාව,clean_sentence,general,ප්‍රජාවේ සෑම දෙනාම වගකීමෙන් කටයුතු කළ යුතුය.
කියවීම,clean_sentence,general,අපි කතාවක් කියවා එහි අදහස සාකච්ඡා කළෙමු.
දෛනික ජීවිතය,clean_sentence,බහුවචන ක්‍රියාපද,වත්තේදී අපි එකිනෙකාට උදව් කරමු.
දෛනික ජීවිතය,clean_sentence,ක්‍රියාපද භාවිතය,පාසලේදී මම චිත්‍රයක් අඳිමි.
භාෂා භාවිතය,clean_sentence,ව්‍යාකරණ_අතීත_කාලය,සඳුනි පොතක් කියවීය.
දෛනික ජීවිතය,clean_sentence,ක්‍රියාපද භාවිතය,වත්තේදී මම ගීයක් ගයමි.
භාෂා භාවිතය,clean_sentence,ව්‍යාකරණ_වර්තමාන_බහුවචන,පිරිමි ළමයි පිරිසිදු කරති.
දෛනික ජීවිතය,clean_sentence,බහුවචන ක්‍රියාපද,නිවසේදී අපි සටහන් ලියමු.
පවුල,clean_context,වාක්‍ය සම්බන්ධ කිරීම,නිවාඩු දිනයේදී අපි ආච්චිගේ නිවසට ගියෙමු. ඇය අපට රසවත් කතාවක් කීවාය.
කියවීම,clean_sentence,general,කියවීමෙන් අපට අලුත් දැනුම ලැබේ.
භාෂා භාවිතය,clean_sentence,ව්‍යාකරණ_සර්වනාම_වාක්‍ය,ඒ ගස ඉතා උසය.
දෛනික ජීවිතය,clean_sentence,ක්‍රියාපද භාවිතය,නිවසේදී මම චිත්‍රයක් අඳිමි.
භාෂා භාවිතය,clean_sentence,ව්‍යාකරණ_වර්තමාන_බහුවචන,ගුරුවරු සෙල්ලම් කරති.
ලිවීම,clean_sentence,general,වාක්‍ය ලියන විට අදහස පැහැදිලි විය යුතුය.
දෛනික ජීවිතය,clean_sentence,ක්‍රියාපද භාවිතය,වත්තේදී මම සටහනක් ලියමි.
දෛනික ජීවිතය,clean_sentence,ක්‍රියාපද භාවිතය,වත්තේදී මම චිත්‍රයක් අඳිමි.
විනෝදය_කලාව,clean_sentence,general,ගුරුවරිය අපට රසවත් කවියක් කියා දුන්නාය.
භාෂා භාවිතය,clean_sentence,ව්‍යාකරණ_කර්තෘ_ක්‍රියා_සම්බන්ධය,මල් පිපෙති.
දෛනික ජීවිතය,clean_sentence,බහුවචන ක්‍රියාපද,පාසලේදී අපි පන්ති කාමරය පිරිසිදු කරමු.
භාෂා භාවිතය,clean_sentence,ව්‍යාකරණ_සර්වනාම_වාක්‍ය,මේ පොත මගේය.
දෛනික ජීවිතය,clean_sentence,ක්‍රියාපද භාවිතය,නිවසේදී මම ගීයක් ගයමි.
භාෂා භාවිතය,clean_sentence,විස්මය_වාක්‍ය,අද මොන තරම් ලස්සන දවසක්ද!
පවුල,clean_sentence,general,මම මගේ පොත් මේසය මත පිළිවෙළට තබමි.
භාෂා භාවිතය,clean_sentence,ප්‍රශ්න_වාක්‍ය,ඔයා කියවූ පොතේ නම කුමක්ද?
භාෂා භාවිතය,clean_sentence,ව්‍යාකරණ_අතීත_කාලය,කවිඳු චිත්‍රයක් ඇන්දේය.
දෛනික ජීවිතය,clean_sentence,බහුවචන ක්‍රියාපද,වත්තේදී අපි ගුරුවරියට සවන් දෙමු.
දෛනික ජීවිතය,clean_sentence,ක්‍රියාපද භාවිතය,පුස්තකාලයේදී මම සටහනක් ලියමි.
දෛනික ජීවිතය,clean_sentence,ක්‍රියාපද භාවිතය,වත්තේදී මම මිතුරාට උදව් කරමි.
භාෂා භාවිතය,clean_sentence,ව්‍යාකරණ_කර්තෘ_ක්‍රියා_සම්බන්ධය,සිසුහු පාඩම කියවති.
සෞඛ්‍යය,clean_sentence,general,අපි ආහාර ගැනීමට පෙර අත් සෝදමු.
දෛනික ජීවිතය,clean_sentence,බහුවචන ක්‍රියාපද,ක්‍රීඩා පිටියේදී අපි ගී ගයමු.
කියවීම,clean_context,වාක්‍ය සම්බන්ධ කිරීම,මම කතා පොතක් පුස්තකාලයෙන් ගත්තෙමි. එය කියවා අවසන් වූ පසු නැවත භාර දුන්නෙමි.
ලිවීම,clean_sentence,general,මම පින්තූරයක් බලා එය ගැන වාක්‍ය කිහිපයක් ලියමි.
මිත්‍රත්වය,clean_sentence,general,මම මගේ මිතුරා සමඟ පොතක් කියවමි.
භාෂා භාවිතය,clean_sentence,ව්‍යාකරණ_කර්තෘ_ක්‍රියා_සම්බන්ධය,කුරුල්ලෝ ගී ගයති.
දෛනික ජීවිතය,clean_sentence,බහුවචන ක්‍රියාපද,නිවසේදී අපි පන්ති කාමරය පිරිසිදු කරමු.
භාෂා භාවිතය,clean_sentence,ව්‍යාකරණ_සර්වනාම_වාක්‍ය,මේ මල් ලස්සනය.
දෛනික ජීවිතය,clean_sentence,ක්‍රියාපද භාවිතය,වත්තේදී මම පොත කියවමි.
භාෂා භාවිතය,clean_sentence,ව්‍යාකරණ_වර්තමාන_ඒකවචන,කවිඳු පාඩම් කරයි.
භාෂා භාවිතය,clean_sentence,ව්‍යාකරණ_කර්තෘ_ක්‍රියා_සම්බන්ධය,මිතුරෝ එකට සෙල්ලම් කරති.
සෞඛ්‍යය,clean_sentence,general,පිරිසිදු ජලය පානය කිරීම සෞඛ්‍යයට හොඳය.
පාසල,clean_context,වාක්‍ය සම්බන්ධ කිරීම,අද අපේ පන්තියේ පොත් කියවීමේ වැඩසටහනක් තිබුණි. සිසුහු කැමති පොත් තෝරාගෙන කියවූහ.
දෛනික ජීවිතය,clean_sentence,බහුවචන ක්‍රියාපද,ක්‍රීඩා පිටියේදී අපි ගුරුවරියට සවන් දෙමු.
කියවීම,clean_sentence,general,මම කවියක් කියවා එහි ලස්සන වචන සොයා ගත්තෙමි.
දෛනික ජීවිතය,clean_sentence,ක්‍රියාපද භාවිතය,පුස්තකාලයේදී මම පන්ති කාමරය පිරිසිදු කරමි.
භාෂා භාවිතය,clean_sentence,ව්‍යාකරණ_වර්තමාන_බහුවචන,ළමයි ලියති.
භාෂා භාවිතය,clean_sentence,ව්‍යාකරණ_කර්තෘ_ක්‍රියා_සම්බන්ධය,ගුරුවරිය පාඩම පැහැදිලි කරයි.
දෛනික ජීවිතය,clean_sentence,ක්‍රියාපද භාවිතය,පුස්තකාලයේදී මම ගීයක් ගයමි.
දෛනික ජීවිතය,clean_sentence,ක්‍රියාපද භාවිතය,පුස්තකාලයේදී මම මිතුරාට උදව් කරමි.
මිත්‍රත්වය,clean_sentence,general,අපේ කණ්ඩායම එකමුතුවෙන් වැඩ කළේය.
පවුල,clean_sentence,general,ඊයේ අපි ආච්චිගේ නිවසට ගියෙමු.
දෛනික ජීවිතය,clean_sentence,ක්‍රියාපද භාවිතය,පාසලේදී මම මිතුරාට උදව් කරමි.
භාෂා භාවිතය,clean_sentence,ව්‍යාකරණ_වර්තමාන_බහුවචන,සිසුහු අඳිති.
ප්‍රජාව,clean_sentence,general,අපේ ගමේ මිනිසුන් එකිනෙකාට උදව් කරති.
දෛනික ජීවිතය,clean_sentence,බහුවචන ක්‍රියාපද,පුස්තකාලයේදී අපි පන්ති කාමරය පිරිසිදු කරමු.
දෛනික ජීවිතය,clean_sentence,ක්‍රියාපද භාවිතය,නිවසේදී මම ගුරුවරියට සවන් දෙමි.
පවුල,clean_sentence,general,මගේ නංගී චිත්‍ර අඳින්නට කැමතියි.
ප්‍රජාව,clean_sentence,general,අපි වැඩිහිටියන්ට ගරු කරමු.
දෛනික ජීවිතය,clean_sentence,බහුවචන ක්‍රියාපද,නිවසේදී අපි ගුරුවරියට සවන් දෙමු.
භාෂා භාවිතය,clean_sentence,ව්‍යාකරණ_සර්වනාම_වාක්‍ය,ඔහු තම පොත මේසය මත තැබීය.
සෞඛ්‍යය,clean_sentence,general,සෞඛ්‍ය සම්පන්න පුරුදු දිනපතා පවත්වා ගත යුතුය.
දෛනික ජීවිතය,clean_sentence,ක්‍රියාපද භාවිතය,නිවසේදී මම ගසට ජලය දමමි.
භාෂා භාවිතය,clean_sentence,ව්‍යාකරණ_අනාගත_අර්ථය,අමා හෙට කවියක් ලියයි.
දෛනික ජීවිතය,clean_sentence,බහුවචන ක්‍රියාපද,නිවසේදී අපි පොත් කියවමු.
මිත්‍රත්වය,clean_context,වාක්‍ය සම්බන්ධ කිරීම,මගේ මිතුරාට පොතක් අවශ්‍ය විය. මම මගේ පොත ඔහු සමඟ බෙදා ගත්තෙමි.
භාෂා භාවිතය,clean_sentence,ව්‍යාකරණ_සර්වනාම_වාක්‍ය,ඔහු පාසලට වේලාසනින් පැමිණියේය.
ලිවීම,clean_sentence,general,ගුරුවරිය අපට ලිපියක ආකෘතිය පැහැදිලි කළාය.
පවුල,clean_sentence,general,අපි නිවාඩු දිනයේදී පවුලේ වැඩකටයුතු කළෙමු.
සෞඛ්‍යය,clean_sentence,general,පාසලේදී අපි පිරිසිදුකම ගැන ඉගෙන ගත්තෙමු.
මිත්‍රත්වය,clean_sentence,general,මිතුරෙකුට කරදරයක් වූ විට අපි ඔහුට උදව් කළ යුතුය.
භාෂා භාවිතය,clean_sentence,ව්‍යාකරණ_වර්තමාන_ඒකවචන,මම කියවයි.
භාෂා භාවිතය,clean_sentence,ව්‍යාකරණ_වර්තමාන_ඒකවචන,අමා සෙල්ලම් කරයි.
ලිවීම,clean_sentence,general,අපි පාසල් උත්සවය ගැන කෙටි සටහනක් ලියමු.
භාෂා භාවිතය,clean_sentence,ව්‍යාකරණ_වර්තමාන_ඒකවචන,සචින් බලයි.
දෛනික ජීවිතය,clean_sentence,ක්‍රියාපද භාවිතය,පාසලේදී මම ගුරුවරියට සවන් දෙමි.
භාෂා භාවිතය,clean_sentence,ව්‍යාකරණ_අනාගත_අර්ථය,මම හෙට පුස්තකාලයට යමි.
දෛනික ජීවිතය,clean_sentence,බහුවචන ක්‍රියාපද,පාසලේදී අපි ගී ගයමු.
දෛනික ජීවිතය,clean_sentence,ක්‍රියාපද භාවිතය,ක්‍රීඩා පිටියේදී මම පන්ති කාමරය පිරිසිදු කරමි.
පරිසරය,clean_sentence,general,අපි කසළ නිසි ස්ථානයට දමමු.
දෛනික ජීවිතය,clean_sentence,බහුවචන ක්‍රියාපද,පුස්තකාලයේදී අපි ගස් රැකබලා ගනිමු.
දෛනික ජීවිතය,clean_sentence,ක්‍රියාපද භාවිතය,පුස්තකාලයේදී මම ගසට ජලය දමමි.
විනෝදය_කලාව,clean_sentence,general,මම මල් සහ ගස් ඇති පින්තූරයක් ඇඳිමි.
මිත්‍රත්වය,clean_sentence,general,අපි ජයග්‍රහණය සතුටින් සැමරුවෙමු.
දෛනික ජීවිතය,clean_sentence,ක්‍රියාපද භාවිතය,නිවසේදී මම පන්ති කාමරය පිරිසිදු කරමි.
දෛනික ජීවිතය,clean_sentence,ක්‍රියාපද භාවිතය,ක්‍රීඩා පිටියේදී මම පොත කියවමි.
පවුල,clean_sentence,general,අම්මා මට පොත් රාක්කය පිළිවෙළට තබන්නට උදව් කළාය.
ලිවීම,clean_sentence,general,මම ලියූ සටහන නැවත කියවා වැරදි නිවැරදි කළෙමි.
භාෂා භාවිතය,clean_sentence,ප්‍රශ්න_වාක්‍ය,මේ කතාවේ ප්‍රධාන චරිතය කවුද?
භාෂා භාවිතය,clean_sentence,ව්‍යාකරණ_වර්තමාන_ඒකවචන,නිමාලි අඳියි.
දෛනික ජීවිතය,clean_sentence,ක්‍රියාපද භාවිතය,පාසලේදී මම සටහනක් ලියමි.
දෛනික ජීවිතය,clean_sentence,ක්‍රියාපද භාවිතය,පාසලේදී මම ගීයක් ගයමි.
විනෝදය_කලාව,clean_sentence,general,අපේ කණ්ඩායම ගීයක් ගායනා කළේය.
භාෂා භාවිතය,clean_sentence,ව්‍යාකරණ_සර්වනාම_වාක්‍ය,මේ පින්තූරය මට කැමතියි.
පරිසරය,clean_sentence,general,ගස් අපට පිරිසිදු වාතය ලබා දෙයි.
භාෂා භාවිතය,clean_sentence,ව්‍යාකරණ_වර්තමාන_ඒකවචන,සඳුනි පිරිසිදු කරයි.
කියවීම,clean_sentence,general,පුස්තකාලයේ විවිධ පොත් තිබේ.
භාෂා භාවිතය,clean_sentence,ව්‍යාකරණ_සර්වනාම_වාක්‍ය,ඇය මිතුරියට උදව් කළාය.
භාෂා භාවිතය,clean_sentence,ව්‍යාකරණ_අනාගත_අර්ථය,අපි හෙට ගසක් සිටුවමු.
දෛනික ජීවිතය,clean_sentence,ක්‍රියාපද භාවිතය,පුස්තකාලයේදී මම ගුරුවරියට සවන් දෙමි.
පවුල,clean_sentence,general,තාත්තා වත්තේ පැළ රැකබලා ගනියි.
සෞඛ්‍යය,clean_sentence,general,මම සෞඛ්‍ය සම්පන්න ආහාර තෝරා ගනිමි.
දෛනික ජීවිතය,clean_sentence,බහුවචන ක්‍රියාපද,පුස්තකාලයේදී අපි පොත් කියවමු.
ප්‍රජාව,clean_sentence,general,අපි පොදු ස්ථාන පිරිසිදුව තබමු.
භාෂා භාවිතය,clean_sentence,ව්‍යාකරණ_වර්තමාන_ඒකවචන,මමයි ලියයි.
පරිසරය,clean_sentence,general,ගඟේ ජලය පිරිසිදුව තබා ගැනීම අපගේ වගකීමකි.
භාෂා භාවිතය,clean_sentence,ව්‍යාකරණ_වර්තමාන_ඒකවචන,රවිඳු රැකබලා ගනියි.
දෛනික ජීවිතය,clean_sentence,බහුවචන ක්‍රියාපද,පුස්තකාලයේදී අපි චිත්‍ර අඳිමු.
දෛනික ජීවිතය,clean_sentence,බහුවචන ක්‍රියාපද,ක්‍රීඩා පිටියේදී අපි පන්ති කාමරය පිරිසිදු කරමු.
ප්‍රජාව,clean_sentence,general,මම අසල්වැසියාට උදව් කළෙමි.
දෛනික ජීවිතය,clean_sentence,බහුවචන ක්‍රියාපද,පාසලේදී අපි පොත් කියවමු.
දෛනික ජීවිතය,clean_sentence,බහුවචන ක්‍රියාපද,පුස්තකාලයේදී අපි සටහන් ලියමු.
කියවීම,clean_sentence,general,හොඳ පොතක් අපට හොඳ අදහස් ලබා දෙයි.
දෛනික ජීවිතය,clean_sentence,බහුවචන ක්‍රියාපද,නිවසේදී අපි චිත්‍ර අඳිමු.
ප්‍රජාව,clean_sentence,general,සමාජයේ සාමය පවත්වා ගැනීමට එකමුතුව අවශ්‍යය.
දෛනික ජීවිතය,clean_sentence,බහුවචන ක්‍රියාපද,පුස්තකාලයේදී අපි ගුරුවරියට සවන් දෙමු.
දෛනික ජීවිතය,clean_sentence,ක්‍රියාපද භාවිතය,වත්තේදී මම ගුරුවරියට සවන් දෙමි.
ලිවීම,clean_sentence,general,මම මගේ මිතුරාට ලිපියක් ලියමි.
දෛනික ජීවිතය,clean_sentence,ක්‍රියාපද භාවිතය,ක්‍රීඩා පිටියේදී මම ගුරුවරියට සවන් දෙමි.
පාසල,clean_sentence,general,ගුරුවරිය අපට පැහැදිලිව පාඩම කියා දුන්නාය.
විනෝදය_කලාව,clean_sentence,general,ළමයි සංගීතයට සවන් දෙති.
භාෂා භාවිතය,clean_sentence,විධාන_වාක්‍ය,ගසට ජලය දමන්න.
භාෂා භාවිතය,clean_sentence,ව්‍යාකරණ_අතීත_කාලය,ළමයි වත්ත පිරිසිදු කළහ.
මිත්‍රත්වය,clean_sentence,general,අපි එකිනෙකාගේ අදහස් සවන් දී අලුත් දෙයක් ඉගෙන ගනිමු.
භාෂා භාවිතය,clean_sentence,ව්‍යාකරණ_වර්තමාන_බහුවචන,කුරුල්ලෝ රැකබලා ගනිති.
දෛනික ජීවිතය,clean_sentence,බහුවචන ක්‍රියාපද,ක්‍රීඩා පිටියේදී අපි ගස් රැකබලා ගනිමු.
දෛනික ජීවිතය,clean_sentence,ක්‍රියාපද භාවිතය,පුස්තකාලයේදී මම පොත කියවමි.
දෛනික ජීවිතය,clean_sentence,ක්‍රියාපද භාවිතය,නිවසේදී මම සටහනක් ලියමි.
දෛනික ජීවිතය,clean_sentence,ක්‍රියාපද භාවිතය,පුස්තකාලයේදී මම චිත්‍රයක් අඳිමි.
මිත්‍රත්වය,clean_sentence,general,හොඳ මිතුරෝ එකිනෙකාට උදව් කරති.
භාෂා භාවිතය,clean_sentence,ප්‍රශ්න_වාක්‍ය,ඔබ අද පාසලට ගියේද?
සෞඛ්‍යය,clean_context,වාක්‍ය සම්බන්ධ කිරීම,අපි උදෑසන පලතුරු කෑවෙමු. පිරිසිදු ආහාර ගැනීම සෞඛ්‍යයට හොඳය.
භාෂා භාවිතය,clean_sentence,විස්මය_වාක්‍ය,මේ මල හරිම ලස්සනයි!
භාෂා භාවිතය,clean_sentence,ව්‍යාකරණ_කර්තෘ_ක්‍රියා_සම්බන්ධය,පොත් රාක්කයේ තිබේ.
මිත්‍රත්වය,clean_sentence,general,මිතුරන් සමඟ සතුටින් කාලය ගත කළෙමු.
මිත්‍රත්වය,clean_sentence,general,මම මගේ මිතුරියගේ අදහසට ගරු කරමි.
පරිසරය,clean_sentence,general,කුරුල්ලෝ උදෑසන ගී ගයති.
පාසල,clean_sentence,general,ගුරුවරයා අපට කණ්ඩායමක් ලෙස වැඩ කිරීමට අවස්ථාව දුන්නේය.
පාසල,clean_sentence,general,පාසල් උත්සවය සඳහා ළමයින් ගීතයක් පුහුණු කළහ.
භාෂා භාවිතය,clean_sentence,ව්‍යාකරණ_අතීත_කාලය,මම පාසලට ගියෙමි.
භාෂා භාවිතය,clean_sentence,විධාන_වාක්‍ය,මිතුරාගේ අදහසට සවන් දෙන්න.
පරිසරය,clean_sentence,general,වත්තේ විවිධ වර්ණවල මල් පිපී ඇත.
භාෂා භාවිතය,clean_sentence,ව්‍යාකරණ_සර්වනාම_වාක්‍ය,අපි ඔවුන් සමඟ කතා කළෙමු.
දෛනික ජීවිතය,clean_sentence,බහුවචන ක්‍රියාපද,ක්‍රීඩා පිටියේදී අපි එකිනෙකාට උදව් කරමු.
ලිවීම,clean_context,වාක්‍ය සම්බන්ධ කිරීම,මම මගේ මිතුරියට ලිපියක් ලිව්වෙමි. ලිපියේ අපේ පාසල ගැන විස්තර කළෙමි.
දෛනික ජීවිතය,clean_sentence,ක්‍රියාපද භාවිතය,වත්තේදී මම ගසට ජලය දමමි.
පරිසරය,clean_sentence,general,පරිසරය පිරිසිදුව තබා ගැනීම සෑම දෙනාගේම යුතුකමකි.
දෛනික ජීවිතය,clean_sentence,ක්‍රියාපද භාවිතය,ක්‍රීඩා පිටියේදී මම මිතුරාට උදව් කරමි.
කියවීම,clean_sentence,general,පුවත්පතේ රසවත් පුවත් කිහිපයක් තිබුණි.
මිත්‍රත්වය,clean_sentence,general,හොඳ වචන භාවිත කිරීමෙන් මිත්‍රත්වය වර්ධනය වේ.
සෞඛ්‍යය,clean_sentence,general,අපි දිනපතා ව්‍යායාම කළ යුතුය.
විනෝදය_කලාව,clean_sentence,general,මම ලස්සන චිත්‍රයක් ඇන්දෙමි.
දෛනික ජීවිතය,clean_sentence,ක්‍රියාපද භාවිතය,ක්‍රීඩා පිටියේදී මම ගසට ජලය දමමි.
පාසල,clean_sentence,general,අපේ පන්තියේ මිතුරෝ එකිනෙකාට උදව් කරති.
පරිසරය,clean_sentence,general,කුඩා සතුන්ට කරුණාවෙන් සැලකිය යුතුය.
දෛනික ජීවිතය,clean_sentence,ක්‍රියාපද භාවිතය,නිවසේදී මම පොත කියවමි.
දෛනික ජීවිතය,clean_sentence,ක්‍රියාපද හා කර්තෘ,ඊයේ වත්තේදී ළමයි කවිය ලියති.
දෛනික ජීවිතය,clean_sentence,ක්‍රියාපද හා කර්තෘ,නිවසේදී මිතුරා මල් පැළය කියවයි.
දෛනික ජීවිතය,clean_sentence,ක්‍රියාපද හා කර්තෘ,හෙට පුස්තකාලයේදී මිතුරා ගස ලියයි.
දෛනික ජීවිතය,clean_sentence,ක්‍රියාපද හා කර්තෘ,දහවල් ක්‍රීඩා පිටියේදී මිතුරා චිත්‍රය ලියයි.
දෛනික ජීවිතය,clean_sentence,ක්‍රියාපද හා කර්තෘ,සවස වත්තේදී මිතුරෝ ගස ඉගෙන ගනිති.
දෛනික ජීවිතය,clean_sentence,ක්‍රියාපද හා කර්තෘ,අද වත්තේදී මම කවිය රැකබලා ගනිමි.
දෛනික ජීවිතය,clean_sentence,ක්‍රියාපද හා කර්තෘ,නිවසේදී මිතුරෝ පුවත්පත කියවති.
දෛනික ජීවිතය,clean_sentence,ක්‍රියාපද හා කර්තෘ,වත්තේදී මිතුරෝ පුවත්පත අඳිති.
දෛනික ජීවිතය,clean_sentence,ක්‍රියාපද හා කර්තෘ,ක්‍රීඩා පිටියේදී අපි ගස ලියමු.
දෛනික ජීවිතය,clean_sentence,ක්‍රියාපද හා කර්තෘ,වත්තේදී මිතුරා සටහන අඳියි.
දෛනික ජීවිතය,clean_sentence,ක්‍රියාපද හා කර්තෘ,නිවසේදී මිතුරෝ ලිපිය අඳිති.
දෛනික ජීවිතය,clean_sentence,ක්‍රියාපද හා කර්තෘ,නිවසේදී මම ගස රැකබලා ගනිමි.
දෛනික ජීවිතය,clean_sentence,ක්‍රියාපද හා කර්තෘ,ඊයේ නිවසේදී මම ගස අඳිමි.
දෛනික ජීවිතය,clean_sentence,ක්‍රියාපද හා කර්තෘ,උදෑසන වත්තේදී මිතුරා කවිය සෙල්ලම් කරයි.
දෛනික ජීවිතය,clean_sentence,ක්‍රියාපද හා කර්තෘ,අද ක්‍රීඩා පිටියේදී ළමයා පින්තූරය ඉගෙන ගනියි.
දෛනික ජීවිතය,clean_sentence,ක්‍රියාපද හා කර්තෘ,නිවසේදී මිතුරෝ ගස සෙල්ලම් කරති.
දෛනික ජීවිතය,clean_sentence,ක්‍රියාපද හා කර්තෘ,වත්තේදී ළමයි පුවත්පත ලියති.
දෛනික ජීවිතය,clean_sentence,ක්‍රියාපද හා කර්තෘ,පන්ති කාමරයේදී මම පුවත්පත ලියමි.
දෛනික ජීවිතය,clean_sentence,ක්‍රියාපද හා කර්තෘ,ක්‍රීඩා පිටියේදී මිතුරා පාසල් පොත ලියයි.
දෛනික ජීවිතය,clean_sentence,ක්‍රියාපද හා කර්තෘ,පුස්තකාලයේදී අපි පින්තූරය අඳිමු.
දෛනික ජීවිතය,clean_sentence,ක්‍රියාපද හා කර්තෘ,සවස ක්‍රීඩා පිටියේදී ළමයා පින්තූරය අඳියි.
දෛනික ජීවිතය,clean_sentence,ක්‍රියාපද හා කර්තෘ,හෙට පාසලේදී ළමයි පුවත්පත ලියති.
දෛනික ජීවිතය,clean_sentence,ක්‍රියාපද හා කර්තෘ,පන්ති කාමරයේදී මම පින්තූරය කියවමි.
දෛනික ජීවිතය,clean_sentence,ක්‍රියාපද හා කර්තෘ,නිවසේදී මම කවිය සෙල්ලම් කරමි.
දෛනික ජීවිතය,clean_sentence,ක්‍රියාපද හා කර්තෘ,උදෑසන පුස්තකාලයේදී ළමයා ලිපිය ඉගෙන ගනියි.
දෛනික ජීවිතය,clean_sentence,ක්‍රියාපද හා කර්තෘ,සවස පුස්තකාලයේදී මිතුරා පාසල් පොත ලියයි.
දෛනික ජීවිතය,clean_sentence,ක්‍රියාපද හා කර්තෘ,පුස්තකාලයේදී මිතුරෝ ගස ඉගෙන ගනිති.
දෛනික ජීවිතය,clean_sentence,ක්‍රියාපද හා කර්තෘ,ක්‍රීඩා පිටියේදී මිතුරා ගස සෙල්ලම් කරයි.
ප්‍රශ්න,clean_sentence,ප්‍රශ්න වාක්‍ය,පුස්තකාලයේදී අප කළ යුත්තේ කුමක්ද?
දෛනික ජීවිතය,clean_sentence,ක්‍රියාපද හා කර්තෘ,උදෑසන පාසලේදී මිතුරා සටහන අඳියි.
දෛනික ජීවිතය,clean_sentence,ක්‍රියාපද හා කර්තෘ,උදෑසන නිවසේදී අපි චිත්‍රය අඳිමු.
දෛනික ජීවිතය,clean_sentence,ක්‍රියාපද හා කර්තෘ,නිවසේදී මිතුරෝ පාසල් පොත ලියති.
දෛනික ජීවිතය,clean_sentence,ක්‍රියාපද හා කර්තෘ,ක්‍රීඩා පිටියේදී ළමයා කතා පොත ඉගෙන ගනියි.
දෛනික ජීවිතය,clean_sentence,ක්‍රියාපද හා කර්තෘ,පාසලේදී මිතුරෝ පුවත්පත කියවති.
විස්තර කිරීම,clean_sentence,නාමපද හා විශේෂණ,පුස්තකාලය සිත්ගන්නාසුලුය.
දෛනික ජීවිතය,clean_sentence,ක්‍රියාපද හා කර්තෘ,නිවසේදී අපි පින්තූරය රැකබලා ගනිමු.
දෛනික ජීවිතය,clean_sentence,ක්‍රියාපද හා කර්තෘ,සවස පුස්තකාලයේදී මිතුරෝ ලිපිය අඳිති.
දෛනික ජීවිතය,clean_sentence,ක්‍රියාපද හා කර්තෘ,දහවල් පන්ති කාමරයේදී මිතුරෝ ලිපිය ඉගෙන ගනිති.
දෛනික ජීවිතය,clean_sentence,ක්‍රියාපද හා කර්තෘ,හෙට ක්‍රීඩා පිටියේදී අපි මල් පැළය ඉගෙන ගනිමු.
දෛනික ජීවිතය,clean_sentence,ක්‍රියාපද හා කර්තෘ,නිවසේදී අපි ලිපිය අඳිමු.
දෛනික ජීවිතය,clean_sentence,ක්‍රියාපද හා කර්තෘ,උදෑසන පන්ති කාමරයේදී ළමයා චිත්‍රය සෙල්ලම් කරයි.
දෛනික ජීවිතය,clean_sentence,ක්‍රියාපද හා කර්තෘ,ඊයේ පාසලේදී ළමයි මල් පැළය ලියති.
දෛනික ජීවිතය,clean_sentence,ක්‍රියාපද හා කර්තෘ,හෙට පන්ති කාමරයේදී මිතුරා පාසල් පොත උදව් කරයි.
දෛනික ජීවිතය,clean_sentence,ක්‍රියාපද හා කර්තෘ,ඊයේ පන්ති කාමරයේදී ළමයි පින්තූරය කියවති.
දෛනික ජීවිතය,clean_sentence,ක්‍රියාපද හා කර්තෘ,අද පුස්තකාලයේදී ළමයි මල් පැළය අඳිති.
දෛනික ජීවිතය,clean_sentence,ක්‍රියාපද හා කර්තෘ,පාසලේදී මිතුරෝ පාසල් පොත ලියති.
දෛනික ජීවිතය,clean_sentence,ක්‍රියාපද හා කර්තෘ,අද පාසලේදී ළමයා කතා පොත ලියයි.
දෛනික ජීවිතය,clean_sentence,ක්‍රියාපද හා කර්තෘ,වත්තේදී මම චිත්‍රය ඉගෙන ගනිමි.
දෛනික ජීවිතය,clean_sentence,ක්‍රියාපද හා කර්තෘ,අද පන්ති කාමරයේදී අපි ගස සෙල්ලම් කරමු.
විස්තර කිරීම,clean_sentence,නාමපද හා විශේෂණ,පොත සිත්ගන්නාසුලුය.
දෛනික ජීවිතය,clean_sentence,ක්‍රියාපද හා කර්තෘ,උදෑසන ක්‍රීඩා පිටියේදී ළමයා මල් පැළය රැකබලා ගනියි.
දෛනික ජීවිතය,clean_sentence,ක්‍රියාපද හා කර්තෘ,සවස වත්තේදී මම ලිපිය අඳිමි.
දෛනික ජීවිතය,clean_sentence,ක්‍රියාපද හා කර්තෘ,උදෑසන පාසලේදී මිතුරෝ කතා පොත සෙල්ලම් කරති.
දෛනික ජීවිතය,clean_sentence,ක්‍රියාපද හා කර්තෘ,සවස පන්ති කාමරයේදී ළමයා ලිපිය සෙල්ලම් කරයි.
දෛනික ජීවිතය,clean_sentence,ක්‍රියාපද හා කර්තෘ,වත්තේදී ළමයි ගස කියවති.
දෛනික ජීවිතය,clean_sentence,ක්‍රියාපද හා කර්තෘ,උදෑසන පුස්තකාලයේදී මම කතා පොත කියවමි.
දෛනික ජීවිතය,clean_sentence,ක්‍රියාපද හා කර්තෘ,දහවල් පන්ති කාමරයේදී ළමයා සටහන ඉගෙන ගනියි.
දෛනික ජීවිතය,clean_sentence,ක්‍රියාපද හා කර්තෘ,දහවල් පුස්තකාලයේදී මිතුරෝ මල් පැළය සෙල්ලම් කරති.
දෛනික ජීවිතය,clean_sentence,ක්‍රියාපද හා කර්තෘ,සවස පුස්තකාලයේදී ළමයි කතා පොත සෙල්ලම් කරති.
දෛනික ජීවිතය,clean_sentence,ක්‍රියාපද හා කර්තෘ,ක්‍රීඩා පිටියේදී මිතුරෝ සටහන ලියති.
දෛනික ජීවිතය,clean_sentence,ක්‍රියාපද හා කර්තෘ,දහවල් වත්තේදී මිතුරෝ කවිය ඉගෙන ගනිති.
දෛනික ජීවිතය,clean_sentence,ක්‍රියාපද හා කර්තෘ,දහවල් ක්‍රීඩා පිටියේදී අපි පින්තූරය කියවමු.
දෛනික ජීවිතය,clean_sentence,ක්‍රියාපද හා කර්තෘ,සවස වත්තේදී මිතුරා ගස උදව් කරයි.
දෛනික ජීවිතය,clean_sentence,ක්‍රියාපද හා කර්තෘ,දහවල් පන්ති කාමරයේදී ළමයි පින්තූරය ලියති.
දෛනික ජීවිතය,clean_sentence,ක්‍රියාපද හා කර්තෘ,වත්තේදී මිතුරා ලිපිය අඳියි.
දෛනික ජීවිතය,clean_sentence,ක්‍රියාපද හා කර්තෘ,ඊයේ ක්‍රීඩා පිටියේදී මිතුරා මල් පැළය ඉගෙන ගනියි.
දෛනික ජීවිතය,clean_sentence,ක්‍රියාපද හා කර්තෘ,පාසලේදී ළමයි ගස සෙල්ලම් කරති.
දෛනික ජීවිතය,clean_sentence,ක්‍රියාපද හා කර්තෘ,පුස්තකාලයේදී මම ලිපිය රැකබලා ගනිමි.
දෛනික ජීවිතය,clean_sentence,ක්‍රියාපද හා කර්තෘ,පාසලේදී මම පාසල් පොත රැකබලා ගනිමි.
දෛනික ජීවිතය,clean_sentence,ක්‍රියාපද හා කර්තෘ,සවස පන්ති කාමරයේදී ළමයි මල් පැළය ලියති.
දෛනික ජීවිතය,clean_sentence,ක්‍රියාපද හා කර්තෘ,ඊයේ පාසලේදී මම ලිපිය අඳිමි.
දෛනික ජීවිතය,clean_sentence,ක්‍රියාපද හා කර්තෘ,හෙට ක්‍රීඩා පිටියේදී ළමයා පුවත්පත සෙල්ලම් කරයි.
දෛනික ජීවිතය,clean_sentence,ක්‍රියාපද හා කර්තෘ,ක්‍රීඩා පිටියේදී ළමයා පින්තූරය ලියයි.
දෛනික ජීවිතය,clean_sentence,ක්‍රියාපද හා කර්තෘ,පුස්තකාලයේදී මිතුරා ලිපිය කියවයි.
දෛනික ජීවිතය,clean_sentence,ක්‍රියාපද හා කර්තෘ,ක්‍රීඩා පිටියේදී මිතුරෝ සටහන සෙල්ලම් කරති.
දෛනික ජීවිතය,clean_sentence,ක්‍රියාපද හා කර්තෘ,නිවසේදී ළමයි මල් පැළය රැකබලා ගනිති.
දෛනික ජීවිතය,clean_sentence,ක්‍රියාපද හා කර්තෘ,පුස්තකාලයේදී මම ලිපිය ඉගෙන ගනිමි.
දෛනික ජීවිතය,clean_sentence,ක්‍රියාපද හා කර්තෘ,පුස්තකාලයේදී මම සටහන ඉගෙන ගනිමි.
විස්තර කිරීම,clean_sentence,නාමපද හා විශේෂණ,පොත ඉතා වැදගත්ය.
දෛනික ජීවිතය,clean_sentence,ක්‍රියාපද හා කර්තෘ,දහවල් පුස්තකාලයේදී මිතුරෝ කතා පොත අඳිති.
දෛනික ජීවිතය,clean_sentence,ක්‍රියාපද හා කර්තෘ,දහවල් නිවසේදී ළමයා කවිය කියවයි.
දෛනික ජීවිතය,clean_sentence,ක්‍රියාපද හා කර්තෘ,නිවසේදී මිතුරෝ ගස ඉගෙන ගනිති.
දෛනික ජීවිතය,clean_sentence,ක්‍රියාපද හා කර්තෘ,පන්ති කාමරයේදී ළමයි පින්තූරය රැකබලා ගනිති.
දෛනික ජීවිතය,clean_sentence,ක්‍රියාපද හා කර්තෘ,ක්‍රීඩා පිටියේදී අපි කවිය රැකබලා ගනිමු.
දෛනික ජීවිතය,clean_sentence,ක්‍රියාපද හා කර්තෘ,නිවසේදී මිතුරා ගස උදව් කරයි.
දෛනික ජීවිතය,clean_sentence,ක්‍රියාපද හා කර්තෘ,හෙට පාසලේදී මිතුරා ලිපිය සෙල්ලම් කරයි.
දෛනික ජීවිතය,clean_sentence,ක්‍රියාපද හා කර්තෘ,අද ක්‍රීඩා පිටියේදී මිතුරා පුවත්පත අඳියි.
දෛනික ජීවිතය,clean_sentence,ක්‍රියාපද හා කර්තෘ,ඊයේ වත්තේදී මිතුරෝ ගස කියවති.
දෛනික ජීවිතය,clean_sentence,ක්‍රියාපද හා කර්තෘ,සවස ක්‍රීඩා පිටියේදී මිතුරෝ චිත්‍රය ඉගෙන ගනිති.
දෛනික ජීවිතය,clean_sentence,ක්‍රියාපද හා කර්තෘ,හෙට පාසලේදී මම පාසල් පොත අඳිමි.
වාක්‍ය සම්බන්ධ කිරීම,clean_sentence,සම්බන්ධක පද,මම පොත කියවමි පසුව මගේ මිතුරා චිත්‍රයක් අඳියි.
දෛනික ජීවිතය,clean_sentence,ක්‍රියාපද හා කර්තෘ,ඊයේ නිවසේදී ළමයා පින්තූරය සෙල්ලම් කරයි.
දෛනික ජීවිතය,clean_sentence,ක්‍රියාපද හා කර්තෘ,පාසලේදී මිතුරෝ කතා පොත උදව් කරති.
ප්‍රශ්න,clean_sentence,ප්‍රශ්න වාක්‍ය,ඔබගේ අනාගත බලාපොරොත්තුව කුමක්ද?
දෛනික ජීවිතය,clean_sentence,ක්‍රියාපද හා කර්තෘ,නිවසේදී මම ලිපිය ඉගෙන ගනිමි.
දෛනික ජීවිතය,clean_sentence,ක්‍රියාපද හා කර්තෘ,හෙට නිවසේදී අපි කවිය ඉගෙන ගනිමු.
දෛනික ජීවිතය,clean_sentence,ක්‍රියාපද හා කර්තෘ,උදෑසන නිවසේදී මිතුරා පින්තූරය කියවයි.
දෛනික ජීවිතය,clean_sentence,ක්‍රියාපද හා කර්තෘ,පාසලේදී මිතුරෝ පින්තූරය සෙල්ලම් කරති.
දෛනික ජීවිතය,clean_sentence,ක්‍රියාපද හා කර්තෘ,පන්ති කාමරයේදී මිතුරෝ ගස කියවති.
දෛනික ජීවිතය,clean_sentence,ක්‍රියාපද හා කර්තෘ,ඊයේ පන්ති කාමරයේදී ළමයි මල් පැළය සෙල්ලම් කරති.
දෛනික ජීවිතය,clean_sentence,ක්‍රියාපද හා කර්තෘ,පන්ති කාමරයේදී මිතුරා මල් පැළය අඳියි.
දෛනික ජීවිතය,clean_sentence,ක්‍රියාපද හා කර්තෘ,පාසලේදී මම කවිය රැකබලා ගනිමි.
දෛනික ජීවිතය,clean_sentence,ක්‍රියාපද හා කර්තෘ,වත්තේදී මම කවිය කියවමි.
දෛනික ජීවිතය,clean_sentence,ක්‍රියාපද හා කර්තෘ,ක්‍රීඩා පිටියේදී ළමයා මල් පැළය අඳියි.
දෛනික ජීවිතය,clean_sentence,ක්‍රියාපද හා කර්තෘ,ඊයේ පුස්තකාලයේදී ළමයි කවිය ලියති.
දෛනික ජීවිතය,clean_sentence,ක්‍රියාපද හා කර්තෘ,පුස්තකාලයේදී ළමයි කවිය ඉගෙන ගනිති.
දෛනික ජීවිතය,clean_sentence,ක්‍රියාපද හා කර්තෘ,ක්‍රීඩා පිටියේදී මිතුරෝ කතා පොත ඉගෙන ගනිති.
දෛනික ජීවිතය,clean_sentence,ක්‍රියාපද හා කර්තෘ,පන්ති කාමරයේදී මම කතා පොත සෙල්ලම් කරමි.
දෛනික ජීවිතය,clean_sentence,ක්‍රියාපද හා කර්තෘ,ඊයේ ක්‍රීඩා පිටියේදී ළමයි පුවත්පත ඉගෙන ගනිති.
දෛනික ජීවිතය,clean_sentence,ක්‍රියාපද හා කර්තෘ,දහවල් පන්ති කාමරයේදී මිතුරෝ පුවත්පත ඉගෙන ගනිති.
දෛනික ජීවිතය,clean_sentence,ක්‍රියාපද හා කර්තෘ,උදෑසන පන්ති කාමරයේදී මම පුවත්පත අඳිමි.
දෛනික ජීවිතය,clean_sentence,ක්‍රියාපද හා කර්තෘ,දහවල් පන්ති කාමරයේදී ළමයි පුවත්පත සෙල්ලම් කරති.
දෛනික ජීවිතය,clean_sentence,ක්‍රියාපද හා කර්තෘ,ක්‍රීඩා පිටියේදී මම චිත්‍රය අඳිමි.
දෛනික ජීවිතය,clean_sentence,ක්‍රියාපද හා කර්තෘ,අද පුස්තකාලයේදී මිතුරෝ ලිපිය කියවති.
දෛනික ජීවිතය,clean_sentence,ක්‍රියාපද හා කර්තෘ,දහවල් පුස්තකාලයේදී මම පුවත්පත රැකබලා ගනිමි.
දෛනික ජීවිතය,clean_sentence,ක්‍රියාපද හා කර්තෘ,පාසලේදී අපි පාසල් පොත ඉගෙන ගනිමු.
දෛනික ජීවිතය,clean_sentence,ක්‍රියාපද හා කර්තෘ,වත්තේදී ළමයි පින්තූරය ඉගෙන ගනිති.
දෛනික ජීවිතය,clean_sentence,ක්‍රියාපද හා කර්තෘ,පන්ති කාමරයේදී මිතුරෝ චිත්‍රය උදව් කරති.
දෛනික ජීවිතය,clean_sentence,ක්‍රියාපද හා කර්තෘ,ඊයේ නිවසේදී ළමයා ලිපිය සෙල්ලම් කරයි.
දෛනික ජීවිතය,clean_sentence,ක්‍රියාපද හා කර්තෘ,වත්තේදී මිතුරෝ කතා පොත ලියති.
දෛනික ජීවිතය,clean_sentence,ක්‍රියාපද හා කර්තෘ,උදෑසන පුස්තකාලයේදී මිතුරෝ පුවත්පත සෙල්ලම් කරති.
දෛනික ජීවිතය,clean_sentence,ක්‍රියාපද හා කර්තෘ,වත්තේදී මිතුරෝ චිත්‍රය ලියති.
දෛනික ජීවිතය,clean_sentence,ක්‍රියාපද හා කර්තෘ,ඊයේ පාසලේදී අපි පුවත්පත අඳිමු.
දෛනික ජීවිතය,clean_sentence,ක්‍රියාපද හා කර්තෘ,සවස පාසලේදී මිතුරෝ පාසල් පොත කියවති.
දෛනික ජීවිතය,clean_sentence,ක්‍රියාපද හා කර්තෘ,පුස්තකාලයේදී මිතුරා කතා පොත අඳියි.
දෛනික ජීවිතය,clean_sentence,ක්‍රියාපද හා කර්තෘ,උදෑසන නිවසේදී මම පාසල් පොත කියවමි.
දෛනික ජීවිතය,clean_sentence,ක්‍රියාපද හා කර්තෘ,දහවල් නිවසේදී ළමයා සටහන අඳියි.
දෛනික ජීවිතය,clean_sentence,ක්‍රියාපද හා කර්තෘ,නිවසේදී මම පුවත්පත ඉගෙන ගනිමි.
දෛනික ජීවිතය,clean_sentence,ක්‍රියාපද හා කර්තෘ,උදෑසන වත්තේදී මම චිත්‍රය රැකබලා ගනිමි.
දෛනික ජීවිතය,clean_sentence,ක්‍රියාපද හා කර්තෘ,උදෑසන පන්ති කාමරයේදී මම පුවත්පත ඉගෙන ගනිමි.
දෛනික ජීවිතය,clean_sentence,ක්‍රියාපද හා කර්තෘ,නිවසේදී මිතුරා චිත්‍රය සෙල්ලම් කරයි.
දෛනික ජීවිතය,clean_sentence,ක්‍රියාපද හා කර්තෘ,වත්තේදී මිතුරෝ පුවත්පත ඉගෙන ගනිති.
දෛනික ජීවිතය,clean_sentence,ක්‍රියාපද හා කර්තෘ,උදෑසන ක්‍රීඩා පිටියේදී ළමයා කතා පොත කියවයි.
දෛනික ජීවිතය,clean_sentence,ක්‍රියාපද හා කර්තෘ,හෙට වත්තේදී මිතුරා පින්තූරය උදව් කරයි.
දෛනික ජීවිතය,clean_sentence,ක්‍රියාපද හා කර්තෘ,උදෑසන නිවසේදී මම මල් පැළය ඉගෙන ගනිමි.
දෛනික ජීවිතය,clean_sentence,ක්‍රියාපද හා කර්තෘ,හෙට ක්‍රීඩා පිටියේදී ළමයි කතා පොත සෙල්ලම් කරති.
දෛනික ජීවිතය,clean_sentence,ක්‍රියාපද හා කර්තෘ,හෙට නිවසේදී ළමයා මල් පැළය ලියයි.
විස්තර කිරීම,clean_sentence,නාමපද හා විශේෂණ,පුස්තකාලය ඉතා ලස්සනය.
දෛනික ජීවිතය,clean_sentence,ක්‍රියාපද හා කර්තෘ,දහවල් නිවසේදී මිතුරා ගස කියවයි.
දෛනික ජීවිතය,clean_sentence,ක්‍රියාපද හා කර්තෘ,ක්‍රීඩා පිටියේදී මිතුරෝ ලිපිය සෙල්ලම් කරති.
දෛනික ජීවිතය,clean_sentence,ක්‍රියාපද හා කර්තෘ,පුස්තකාලයේදී මිතුරා කතා පොත ඉගෙන ගනියි.
දෛනික ජීවිතය,clean_sentence,ක්‍රියාපද හා කර්තෘ,පාසලේදී මිතුරා මල් පැළය ලියයි.
දෛනික ජීවිතය,clean_sentence,ක්‍රියාපද හා කර්තෘ,සවස පුස්තකාලයේදී මිතුරෝ කතා පොත උදව් කරති.
දෛනික ජීවිතය,clean_sentence,ක්‍රියාපද හා කර්තෘ,පාසලේදී මම පින්තූරය රැකබලා ගනිමි.
දෛනික ජීවිතය,clean_sentence,ක්‍රියාපද හා කර්තෘ,පන්ති කාමරයේදී ළමයි පුවත්පත රැකබලා ගනිති.
දෛනික ජීවිතය,clean_sentence,ක්‍රියාපද හා කර්තෘ,පන්ති කාමරයේදී මිතුරෝ මල් පැළය ලියති.
දෛනික ජීවිතය,clean_sentence,ක්‍රියාපද හා කර්තෘ,පුස්තකාලයේදී මිතුරෝ චිත්‍රය ඉගෙන ගනිති.
දෛනික ජීවිතය,clean_sentence,ක්‍රියාපද හා කර්තෘ,දහවල් නිවසේදී ළමයි පුවත්පත කියවති.
දෛනික ජීවිතය,clean_sentence,ක්‍රියාපද හා කර්තෘ,වත්තේදී මිතුරා කවිය උදව් කරයි.
දෛනික ජීවිතය,clean_sentence,ක්‍රියාපද හා කර්තෘ,දහවල් නිවසේදී මිතුරෝ සටහන අඳිති.
දෛනික ජීවිතය,clean_sentence,ක්‍රියාපද හා කර්තෘ,පාසලේදී ළමයා චිත්‍රය ලියයි.
දෛනික ජීවිතය,clean_sentence,ක්‍රියාපද හා කර්තෘ,අද පුස්තකාලයේදී ළමයා ලිපිය කියවයි.
දෛනික ජීවිතය,clean_sentence,ක්‍රියාපද හා කර්තෘ,උදෑසන වත්තේදී ළමයා පාසල් පොත අඳියි.
දෛනික ජීවිතය,clean_sentence,ක්‍රියාපද හා කර්තෘ,පුස්තකාලයේදී මිතුරෝ පුවත්පත ඉගෙන ගනිති.
දෛනික ජීවිතය,clean_sentence,ක්‍රියාපද හා කර්තෘ,අද වත්තේදී ළමයි කතා පොත ඉගෙන ගනිති.
දෛනික ජීවිතය,clean_sentence,ක්‍රියාපද හා කර්තෘ,අද පාසලේදී මිතුරෝ සටහන සෙල්ලම් කරති.
දෛනික ජීවිතය,clean_sentence,ක්‍රියාපද හා කර්තෘ,ඊයේ ක්‍රීඩා පිටියේදී මිතුරෝ කතා පොත උදව් කරති.
දෛනික ජීවිතය,clean_sentence,ක්‍රියාපද හා කර්තෘ,නිවසේදී මම පින්තූරය කියවමි.
දෛනික ජීවිතය,clean_sentence,ක්‍රියාපද හා කර්තෘ,නිවසේදී මම සටහන සෙල්ලම් කරමි.
විස්තර කිරීම,clean_sentence,නාමපද හා විශේෂණ,පාසල සිත්ගන්නාසුලුය.
දෛනික ජීවිතය,clean_sentence,ක්‍රියාපද හා කර්තෘ,දහවල් වත්තේදී අපි ගස රැකබලා ගනිමු.
දෛනික ජීවිතය,clean_sentence,ක්‍රියාපද හා කර්තෘ,නිවසේදී මිතුරෝ සටහන උදව් කරති.
දෛනික ජීවිතය,clean_sentence,ක්‍රියාපද හා කර්තෘ,සවස නිවසේදී ළමයා පුවත්පත සෙල්ලම් කරයි.
දෛනික ජීවිතය,clean_sentence,ක්‍රියාපද හා කර්තෘ,ක්‍රීඩා පිටියේදී මම චිත්‍රය ඉගෙන ගනිමි.
දෛනික ජීවිතය,clean_sentence,ක්‍රියාපද හා කර්තෘ,උදෑසන පුස්තකාලයේදී අපි ගස කියවමු.
දෛනික ජීවිතය,clean_sentence,ක්‍රියාපද හා කර්තෘ,ඊයේ ක්‍රීඩා පිටියේදී ළමයි සටහන කියවති.
දෛනික ජීවිතය,clean_sentence,ක්‍රියාපද හා කර්තෘ,උදෑසන පාසලේදී අපි කවිය සෙල්ලම් කරමු.
දෛනික ජීවිතය,clean_sentence,ක්‍රියාපද හා කර්තෘ,ක්‍රීඩා පිටියේදී මම කවිය සෙල්ලම් කරමි.
දෛනික ජීවිතය,clean_sentence,ක්‍රියාපද හා කර්තෘ,වත්තේදී මිතුරා කතා පොත සෙල්ලම් කරයි.
දෛනික ජීවිතය,clean_sentence,ක්‍රියාපද හා කර්තෘ,වත්තේදී මිතුරෝ මල් පැළය සෙල්ලම් කරති.
දෛනික ජීවිතය,clean_sentence,ක්‍රියාපද හා කර්තෘ,අද නිවසේදී මම පාසල් පොත සෙල්ලම් කරමි.
දෛනික ජීවිතය,clean_sentence,ක්‍රියාපද හා කර්තෘ,ක්‍රීඩා පිටියේදී ළමයි පුවත්පත කියවති.
දෛනික ජීවිතය,clean_sentence,ක්‍රියාපද හා කර්තෘ,උදෑසන පුස්තකාලයේදී මම පාසල් පොත සෙල්ලම් කරමි.
දෛනික ජීවිතය,clean_sentence,ක්‍රියාපද හා කර්තෘ,පාසලේදී අපි සටහන සෙල්ලම් කරමු.
දෛනික ජීවිතය,clean_sentence,ක්‍රියාපද හා කර්තෘ,නිවසේදී අපි පාසල් පොත අඳිමු.
විස්තර කිරීම,clean_sentence,නාමපද හා විශේෂණ,පොත ඉතා ලස්සනය.
දෛනික ජීවිතය,clean_sentence,ක්‍රියාපද හා කර්තෘ,හෙට ක්‍රීඩා පිටියේදී ළමයා පුවත්පත ඉගෙන ගනියි.
දෛනික ජීවිතය,clean_sentence,ක්‍රියාපද හා කර්තෘ,ක්‍රීඩා පිටියේදී අපි ලිපිය අඳිමු.
දෛනික ජීවිතය,clean_sentence,ක්‍රියාපද හා කර්තෘ,පන්ති කාමරයේදී ළමයා ගස ඉගෙන ගනියි.
දෛනික ජීවිතය,clean_sentence,ක්‍රියාපද හා කර්තෘ,පන්ති කාමරයේදී මම චිත්‍රය සෙල්ලම් කරමි.
දෛනික ජීවිතය,clean_sentence,ක්‍රියාපද හා කර්තෘ,සවස නිවසේදී ළමයා පුවත්පත ලියයි.
දෛනික ජීවිතය,clean_sentence,ක්‍රියාපද හා කර්තෘ,උදෑසන නිවසේදී අපි සටහන රැකබලා ගනිමු.
දෛනික ජීවිතය,clean_sentence,ක්‍රියාපද හා කර්තෘ,උදෑසන පුස්තකාලයේදී ළමයා පාසල් පොත රැකබලා ගනියි.
දෛනික ජීවිතය,clean_sentence,ක්‍රියාපද හා කර්තෘ,උදෑසන පන්ති කාමරයේදී මම පුවත්පත රැකබලා ගනිමි.
දෛනික ජීවිතය,clean_sentence,ක්‍රියාපද හා කර්තෘ,ඊයේ නිවසේදී අපි මල් පැළය රැකබලා ගනිමු.
දෛනික ජීවිතය,clean_sentence,ක්‍රියාපද හා කර්තෘ,පන්ති කාමරයේදී මිතුරා පින්තූරය අඳියි.
දෛනික ජීවිතය,clean_sentence,ක්‍රියාපද හා කර්තෘ,පුස්තකාලයේදී මම පින්තූරය සෙල්ලම් කරමි.
දෛනික ජීවිතය,clean_sentence,ක්‍රියාපද හා කර්තෘ,නිවසේදී මිතුරා සටහන කියවයි.
දෛනික ජීවිතය,clean_sentence,ක්‍රියාපද හා කර්තෘ,හෙට නිවසේදී මිතුරෝ පින්තූරය සෙල්ලම් කරති.
දෛනික ජීවිතය,clean_sentence,ක්‍රියාපද හා කර්තෘ,පාසලේදී අපි චිත්‍රය අඳිමු.
දෛනික ජීවිතය,clean_sentence,ක්‍රියාපද හා කර්තෘ,දහවල් පන්ති කාමරයේදී ළමයා පින්තූරය අඳියි.
දෛනික ජීවිතය,clean_sentence,ක්‍රියාපද හා කර්තෘ,ඊයේ පන්ති කාමරයේදී ළමයි පාසල් පොත සෙල්ලම් කරති.
දෛනික ජීවිතය,clean_sentence,ක්‍රියාපද හා කර්තෘ,පාසලේදී මිතුරෝ කවිය අඳිති.
දෛනික ජීවිතය,clean_sentence,ක්‍රියාපද හා කර්තෘ,වත්තේදී මම පින්තූරය අඳිමි.
දෛනික ජීවිතය,clean_sentence,ක්‍රියාපද හා කර්තෘ,වත්තේදී ළමයා කවිය ලියයි.
දෛනික ජීවිතය,clean_sentence,ක්‍රියාපද හා කර්තෘ,හෙට වත්තේදී ළමයා මල් පැළය කියවයි.
දෛනික ජීවිතය,clean_sentence,ක්‍රියාපද හා කර්තෘ,පාසලේදී මිතුරා කවිය ඉගෙන ගනියි.
දෛනික ජීවිතය,clean_sentence,ක්‍රියාපද හා කර්තෘ,පුස්තකාලයේදී අපි ලිපිය කියවමු.
දෛනික ජීවිතය,clean_sentence,ක්‍රියාපද හා කර්තෘ,උදෑසන පාසලේදී මම පින්තූරය ඉගෙන ගනිමි.
දෛනික ජීවිතය,clean_sentence,ක්‍රියාපද හා කර්තෘ,අද පුස්තකාලයේදී ළමයා ගස රැකබලා ගනියි.
දෛනික ජීවිතය,clean_sentence,ක්‍රියාපද හා කර්තෘ,හෙට පාසලේදී මම පාසල් පොත ලියමි.
දෛනික ජීවිතය,clean_sentence,ක්‍රියාපද හා කර්තෘ,උදෑසන නිවසේදී මිතුරා මල් පැළය ලියයි.
දෛනික ජීවිතය,clean_sentence,ක්‍රියාපද හා කර්තෘ,ක්‍රීඩා පිටියේදී ළමයි සටහන අඳිති.
දෛනික ජීවිතය,clean_sentence,ක්‍රියාපද හා කර්තෘ,වත්තේදී මම පින්තූරය කියවමි.
දෛනික ජීවිතය,clean_sentence,ක්‍රියාපද හා කර්තෘ,සවස පුස්තකාලයේදී මිතුරෝ පින්තූරය ඉගෙන ගනිති.
දෛනික ජීවිතය,clean_sentence,ක්‍රියාපද හා කර්තෘ,සවස පුස්තකාලයේදී මිතුරා කවිය ලියයි.
විස්තර කිරීම,clean_sentence,නාමපද හා විශේෂණ,ගස පිරිසිදුව තිබේ.
දෛනික ජීවිතය,clean_sentence,ක්‍රියාපද හා කර්තෘ,ක්‍රීඩා පිටියේදී මිතුරා මල් පැළය ලියයි.
දෛනික ජීවිතය,clean_sentence,ක්‍රියාපද හා කර්තෘ,ක්‍රීඩා පිටියේදී මිතුරෝ පින්තූරය කියවති.
දෛනික ජීවිතය,clean_sentence,ක්‍රියාපද හා කර්තෘ,හෙට වත්තේදී මිතුරෝ චිත්‍රය අඳිති.
දෛනික ජීවිතය,clean_sentence,ක්‍රියාපද හා කර්තෘ,ඊයේ නිවසේදී ළමයි සටහන අඳිති.
දෛනික ජීවිතය,clean_sentence,ක්‍රියාපද හා කර්තෘ,උදෑසන පාසලේදී ළමයි සටහන අඳිති.
දෛනික ජීවිතය,clean_sentence,ක්‍රියාපද හා කර්තෘ,උදෑසන වත්තේදී මිතුරෝ පින්තූරය ඉගෙන ගනිති.
දෛනික ජීවිතය,clean_sentence,ක්‍රියාපද හා කර්තෘ,නිවසේදී අපි කතා පොත ඉගෙන ගනිමු.
දෛනික ජීවිතය,clean_sentence,ක්‍රියාපද හා කර්තෘ,අද නිවසේදී ළමයා පින්තූරය කියවයි.
දෛනික ජීවිතය,clean_sentence,ක්‍රියාපද හා කර්තෘ,දහවල් පුස්තකාලයේදී මිතුරෝ කවිය සෙල්ලම් කරති.
දෛනික ජීවිතය,clean_sentence,ක්‍රියාපද හා කර්තෘ,ක්‍රීඩා පිටියේදී ළමයි කතා පොත රැකබලා ගනිති.
දෛනික ජීවිතය,clean_sentence,ක්‍රියාපද හා කර්තෘ,නිවසේදී මිතුරෝ චිත්‍රය ඉගෙන ගනිති.
වාක්‍ය සම්බන්ධ කිරීම,clean_sentence,සම්බන්ධක පද,අපි ගසක් සිටුවමු සහ එයට ජලය දමමු.
දෛනික ජීවිතය,clean_sentence,ක්‍රියාපද හා කර්තෘ,පන්ති කාමරයේදී මිතුරා කතා පොත අඳියි.
දෛනික ජීවිතය,clean_sentence,ක්‍රියාපද හා කර්තෘ,ඊයේ නිවසේදී අපි පින්තූරය කියවමු.
දෛනික ජීවිතය,clean_sentence,ක්‍රියාපද හා කර්තෘ,පන්ති කාමරයේදී ළමයි චිත්‍රය අඳිති.
වාක්‍ය සම්බන්ධ කිරීම,clean_sentence,සම්බන්ධක පද,මම පාඩම් කරමි එවිට පසුව සෙල්ලම් කරමි.
විස්තර කිරීම,clean_sentence,නාමපද හා විශේෂණ,වත්ත සිත්ගන්නාසුලුය.
දෛනික ජීවිතය,clean_sentence,ක්‍රියාපද හා කර්තෘ,හෙට පුස්තකාලයේදී මිතුරා චිත්‍රය ඉගෙන ගනියි.
දෛනික ජීවිතය,clean_sentence,ක්‍රියාපද හා කර්තෘ,පාසලේදී මම මල් පැළය ඉගෙන ගනිමි.
දෛනික ජීවිතය,clean_sentence,ක්‍රියාපද හා කර්තෘ,අද පන්ති කාමරයේදී මිතුරා කතා පොත ඉගෙන ගනියි.
දෛනික ජීවිතය,clean_sentence,ක්‍රියාපද හා කර්තෘ,හෙට පාසලේදී ළමයි මල් පැළය අඳිති.
දෛනික ජීවිතය,clean_sentence,ක්‍රියාපද හා කර්තෘ,හෙට ක්‍රීඩා පිටියේදී මිතුරා චිත්‍රය ඉගෙන ගනියි.
දෛනික ජීවිතය,clean_sentence,ක්‍රියාපද හා කර්තෘ,නිවසේදී ළමයි සටහන ලියති.
දෛනික ජීවිතය,clean_sentence,ක්‍රියාපද හා කර්තෘ,පාසලේදී ළමයා පුවත්පත ඉගෙන ගනියි.
දෛනික ජීවිතය,clean_sentence,ක්‍රියාපද හා කර්තෘ,දහවල් පාසලේදී මිතුරා පුවත්පත කියවයි.
දෛනික ජීවිතය,clean_sentence,ක්‍රියාපද හා කර්තෘ,උදෑසන ක්‍රීඩා පිටියේදී අපි පින්තූරය ලියමු.
දෛනික ජීවිතය,clean_sentence,ක්‍රියාපද හා කර්තෘ,දහවල් පුස්තකාලයේදී ළමයි පින්තූරය ලියති.
දෛනික ජීවිතය,clean_sentence,ක්‍රියාපද හා කර්තෘ,උදෑසන පුස්තකාලයේදී මිතුරෝ මල් පැළය අඳිති.
දෛනික ජීවිතය,clean_sentence,ක්‍රියාපද හා කර්තෘ,ක්‍රීඩා පිටියේදී මිතුරෝ ලිපිය අඳිති.
දෛනික ජීවිතය,clean_sentence,ක්‍රියාපද හා කර්තෘ,පුස්තකාලයේදී මිතුරා පුවත්පත කියවයි.
දෛනික ජීවිතය,clean_sentence,ක්‍රියාපද හා කර්තෘ,සවස වත්තේදී ළමයි ලිපිය ලියති.
දෛනික ජීවිතය,clean_sentence,ක්‍රියාපද හා කර්තෘ,පුස්තකාලයේදී ළමයා කතා පොත රැකබලා ගනියි.
දෛනික ජීවිතය,clean_sentence,ක්‍රියාපද හා කර්තෘ,සවස නිවසේදී මිතුරෝ පාසල් පොත ඉගෙන ගනිති.
දෛනික ජීවිතය,clean_sentence,ක්‍රියාපද හා කර්තෘ,වත්තේදී මිතුරා ගස ඉගෙන ගනියි.
දෛනික ජීවිතය,clean_sentence,ක්‍රියාපද හා කර්තෘ,ක්‍රීඩා පිටියේදී මම ලිපිය සෙල්ලම් කරමි.
දෛනික ජීවිතය,clean_sentence,ක්‍රියාපද හා කර්තෘ,වත්තේදී මිතුරෝ චිත්‍රය සෙල්ලම් කරති.
දෛනික ජීවිතය,clean_sentence,ක්‍රියාපද හා කර්තෘ,දහවල් නිවසේදී අපි චිත්‍රය සෙල්ලම් කරමු.
දෛනික ජීවිතය,clean_sentence,ක්‍රියාපද හා කර්තෘ,සවස පන්ති කාමරයේදී මිතුරා පාසල් පොත ඉගෙන ගනියි.
දෛනික ජීවිතය,clean_sentence,ක්‍රියාපද හා කර්තෘ,පුස්තකාලයේදී අපි සටහන කියවමු.
දෛනික ජීවිතය,clean_sentence,ක්‍රියාපද හා කර්තෘ,උදෑසන නිවසේදී මම පුවත්පත ලියමි.
දෛනික ජීවිතය,clean_sentence,ක්‍රියාපද හා කර්තෘ,පුස්තකාලයේදී ළමයා සටහන ලියයි.
දෛනික ජීවිතය,clean_sentence,ක්‍රියාපද හා කර්තෘ,පන්ති කාමරයේදී ළමයා කතා පොත ලියයි.
දෛනික ජීවිතය,clean_sentence,ක්‍රියාපද හා කර්තෘ,සවස පන්ති කාමරයේදී මිතුරෝ පින්තූරය ඉගෙන ගනිති.
දෛනික ජීවිතය,clean_sentence,ක්‍රියාපද හා කර්තෘ,වත්තේදී ළමයා මල් පැළය අඳියි.
දෛනික ජීවිතය,clean_sentence,ක්‍රියාපද හා කර්තෘ,සවස වත්තේදී ළමයි පින්තූරය අඳිති.
දෛනික ජීවිතය,clean_sentence,ක්‍රියාපද හා කර්තෘ,හෙට වත්තේදී මම චිත්‍රය කියවමි.
දෛනික ජීවිතය,clean_sentence,ක්‍රියාපද හා කර්තෘ,අද පාසලේදී මිතුරෝ කවිය උදව් කරති.
දෛනික ජීවිතය,clean_sentence,ක්‍රියාපද හා කර්තෘ,පුස්තකාලයේදී මම ගස කියවමි.
දෛනික ජීවිතය,clean_sentence,ක්‍රියාපද හා කර්තෘ,පාසලේදී ළමයා ගස රැකබලා ගනියි.
දෛනික ජීවිතය,clean_sentence,ක්‍රියාපද හා කර්තෘ,ඊයේ පුස්තකාලයේදී මිතුරෝ සටහන ලියති.
දෛනික ජීවිතය,clean_sentence,ක්‍රියාපද හා කර්තෘ,දහවල් පාසලේදී මිතුරෝ ගස අඳිති.
දෛනික ජීවිතය,clean_sentence,ක්‍රියාපද හා කර්තෘ,පන්ති කාමරයේදී මිතුරා පින්තූරය සෙල්ලම් කරයි.
දෛනික ජීවිතය,clean_sentence,ක්‍රියාපද හා කර්තෘ,වත්තේදී මිතුරෝ චිත්‍රය කියවති.
දෛනික ජීවිතය,clean_sentence,ක්‍රියාපද හා කර්තෘ,නිවසේදී අපි කවිය සෙල්ලම් කරමු.
දෛනික ජීවිතය,clean_sentence,ක්‍රියාපද හා කර්තෘ,පුස්තකාලයේදී මිතුරෝ කවිය ඉගෙන ගනිති.
දෛනික ජීවිතය,clean_sentence,ක්‍රියාපද හා කර්තෘ,ක්‍රීඩා පිටියේදී ළමයා පුවත්පත අඳියි.
දෛනික ජීවිතය,clean_sentence,ක්‍රියාපද හා කර්තෘ,වත්තේදී මම පාසල් පොත ඉගෙන ගනිමි.
දෛනික ජීවිතය,clean_sentence,ක්‍රියාපද හා කර්තෘ,පුස්තකාලයේදී අපි පුවත්පත කියවමු.
දෛනික ජීවිතය,clean_sentence,ක්‍රියාපද හා කර්තෘ,පාසලේදී මිතුරා කවිය උදව් කරයි.
දෛනික ජීවිතය,clean_sentence,ක්‍රියාපද හා කර්තෘ,පුස්තකාලයේදී අපි සටහන රැකබලා ගනිමු.
දෛනික ජීවිතය,clean_sentence,ක්‍රියාපද හා කර්තෘ,ක්‍රීඩා පිටියේදී අපි චිත්‍රය ඉගෙන ගනිමු.
දෛනික ජීවිතය,clean_sentence,ක්‍රියාපද හා කර්තෘ,ක්‍රීඩා පිටියේදී මිතුරා පාසල් පොත සෙල්ලම් කරයි.
දෛනික ජීවිතය,clean_sentence,ක්‍රියාපද හා කර්තෘ,පාසලේදී මිතුරා පින්තූරය සෙල්ලම් කරයි.
දෛනික ජීවිතය,clean_sentence,ක්‍රියාපද හා කර්තෘ,අද ක්‍රීඩා පිටියේදී මිතුරා කතා පොත ඉගෙන ගනියි.
දෛනික ජීවිතය,clean_sentence,ක්‍රියාපද හා කර්තෘ,පුස්තකාලයේදී ළමයා මල් පැළය සෙල්ලම් කරයි.
දෛනික ජීවිතය,clean_sentence,ක්‍රියාපද හා කර්තෘ,දහවල් වත්තේදී ළමයා ගස ඉගෙන ගනියි.
දෛනික ජීවිතය,clean_sentence,ක්‍රියාපද හා කර්තෘ,ක්‍රීඩා පිටියේදී ළමයා ලිපිය ලියයි.
දෛනික ජීවිතය,clean_sentence,ක්‍රියාපද හා කර්තෘ,පාසලේදී මම පුවත්පත අඳිමි.
දෛනික ජීවිතය,clean_sentence,ක්‍රියාපද හා කර්තෘ,ඊයේ පාසලේදී මිතුරා ගස සෙල්ලම් කරයි.
දෛනික ජීවිතය,clean_sentence,ක්‍රියාපද හා කර්තෘ,පන්ති කාමරයේදී ළමයි පාසල් පොත ලියති.
දෛනික ජීවිතය,clean_sentence,ක්‍රියාපද හා කර්තෘ,වත්තේදී ළමයි පින්තූරය සෙල්ලම් කරති.
දෛනික ජීවිතය,clean_sentence,ක්‍රියාපද හා කර්තෘ,අද වත්තේදී ළමයා මල් පැළය සෙල්ලම් කරයි.
දෛනික ජීවිතය,clean_sentence,ක්‍රියාපද හා කර්තෘ,ක්‍රීඩා පිටියේදී අපි මල් පැළය රැකබලා ගනිමු.
දෛනික ජීවිතය,clean_sentence,ක්‍රියාපද හා කර්තෘ,උදෑසන පන්ති කාමරයේදී අපි කතා පොත ලියමු.
දෛනික ජීවිතය,clean_sentence,ක්‍රියාපද හා කර්තෘ,උදෑසන ක්‍රීඩා පිටියේදී අපි පුවත්පත රැකබලා ගනිමු.
දෛනික ජීවිතය,clean_sentence,ක්‍රියාපද හා කර්තෘ,පුස්තකාලයේදී මිතුරා සටහන ඉගෙන ගනියි.
දෛනික ජීවිතය,clean_sentence,ක්‍රියාපද හා කර්තෘ,අද පන්ති කාමරයේදී ළමයි පින්තූරය සෙල්ලම් කරති.
ප්‍රශ්න,clean_sentence,ප්‍රශ්න වාක්‍ය,ඔබ අද කියවූ පොත කුමක්ද?
දෛනික ජීවිතය,clean_sentence,ක්‍රියාපද හා කර්තෘ,ඊයේ ක්‍රීඩා පිටියේදී මිතුරා සටහන ඉගෙන ගනියි.
දෛනික ජීවිතය,clean_sentence,ක්‍රියාපද හා කර්තෘ,පාසලේදී මිතුරෝ ලිපිය සෙල්ලම් කරති.
ප්‍රශ්න,clean_sentence,ප්‍රශ්න වාක්‍ය,ඔබ පාසලට පැමිණියේ කෙසේද?
දෛනික ජීවිතය,clean_sentence,ක්‍රියාපද හා කර්තෘ,පන්ති කාමරයේදී මිතුරෝ කවිය කියවති.
දෛනික ජීවිතය,clean_sentence,ක්‍රියාපද හා කර්තෘ,ඊයේ පාසලේදී ළමයා කතා පොත ඉගෙන ගනියි.
දෛනික ජීවිතය,clean_sentence,ක්‍රියාපද හා කර්තෘ,පුස්තකාලයේදී මිතුරෝ ගස කියවති.
දෛනික ජීවිතය,clean_sentence,ක්‍රියාපද හා කර්තෘ,පුස්තකාලයේදී මම මල් පැළය ලියමි.
දෛනික ජීවිතය,clean_sentence,ක්‍රියාපද හා කර්තෘ,පන්ති කාමරයේදී අපි ගස කියවමු.
දෛනික ජීවිතය,clean_sentence,ක්‍රියාපද හා කර්තෘ,පාසලේදී අපි පුවත්පත ඉගෙන ගනිමු.
දෛනික ජීවිතය,clean_sentence,ක්‍රියාපද හා කර්තෘ,නිවසේදී ළමයා කවිය අඳියි.
දෛනික ජීවිතය,clean_sentence,ක්‍රියාපද හා කර්තෘ,පන්ති කාමරයේදී ළමයා පුවත්පත සෙල්ලම් කරයි.
දෛනික ජීවිතය,clean_sentence,ක්‍රියාපද හා කර්තෘ,නිවසේදී ළමයා ගස රැකබලා ගනියි.
දෛනික ජීවිතය,clean_sentence,ක්‍රියාපද හා කර්තෘ,නිවසේදී මිතුරා ගස සෙල්ලම් කරයි.
දෛනික ජීවිතය,clean_sentence,ක්‍රියාපද හා කර්තෘ,ක්‍රීඩා පිටියේදී මිතුරෝ ගස සෙල්ලම් කරති.
දෛනික ජීවිතය,clean_sentence,ක්‍රියාපද හා කර්තෘ,උදෑසන ක්‍රීඩා පිටියේදී අපි මල් පැළය සෙල්ලම් කරමු.
විස්තර කිරීම,clean_sentence,නාමපද හා විශේෂණ,පාසල පිරිසිදුව තිබේ.
දෛනික ජීවිතය,clean_sentence,ක්‍රියාපද හා කර්තෘ,උදෑසන පාසලේදී අපි පාසල් පොත අඳිමු.
දෛනික ජීවිතය,clean_sentence,ක්‍රියාපද හා කර්තෘ,ඊයේ නිවසේදී මිතුරා මල් පැළය අඳියි.
දෛනික ජීවිතය,clean_sentence,ක්‍රියාපද හා කර්තෘ,පුස්තකාලයේදී ළමයා කවිය රැකබලා ගනියි.
දෛනික ජීවිතය,clean_sentence,ක්‍රියාපද හා කර්තෘ,ක්‍රීඩා පිටියේදී ළමයා ගස රැකබලා ගනියි.
දෛනික ජීවිතය,clean_sentence,ක්‍රියාපද හා කර්තෘ,පාසලේදී ළමයා පාසල් පොත ඉගෙන ගනියි.
දෛනික ජීවිතය,clean_sentence,ක්‍රියාපද හා කර්තෘ,අද පුස්තකාලයේදී මම ගස ලියමි.
වාක්‍ය සම්බන්ධ කිරීම,clean_sentence,සම්බන්ධක පද,මිතුරාට පොතක් අවශ්‍ය විය නමුත් මම ඔහුට පොත දුන්නෙමි.
දෛනික ජීවිතය,clean_sentence,ක්‍රියාපද හා කර්තෘ,උදෑසන වත්තේදී මිතුරා සටහන උදව් කරයි.
දෛනික ජීවිතය,clean_sentence,ක්‍රියාපද හා කර්තෘ,උදෑසන පාසලේදී මිතුරෝ ලිපිය ලියති.
දෛනික ජීවිතය,clean_sentence,ක්‍රියාපද හා කර්තෘ,දහවල් නිවසේදී මිතුරා පින්තූරය ඉගෙන ගනියි.
දෛනික ජීවිතය,clean_sentence,ක්‍රියාපද හා කර්තෘ,පාසලේදී මිතුරෝ කතා පොත ලියති.
විස්තර කිරීම,clean_sentence,නාමපද හා විශේෂණ,පුස්තකාලය සන්සුන්ය.
දෛනික ජීවිතය,clean_sentence,ක්‍රියාපද හා කර්තෘ,අද ක්‍රීඩා පිටියේදී මම පුවත්පත සෙල්ලම් කරමි.
දෛනික ජීවිතය,clean_sentence,ක්‍රියාපද හා කර්තෘ,නිවසේදී මිතුරා කතා පොත ලියයි.
වාක්‍ය සම්බන්ධ කිරීම,clean_sentence,සම්බන්ධක පද,ගුරුවරිය පැහැදිලි කළාය එවිට සිසුහු සවන් දුන්හ.
දෛනික ජීවිතය,clean_sentence,ක්‍රියාපද හා කර්තෘ,උදෑසන පුස්තකාලයේදී මිතුරා චිත්‍රය සෙල්ලම් කරයි.
දෛනික ජීවිතය,clean_sentence,ක්‍රියාපද හා කර්තෘ,දහවල් නිවසේදී ළමයි පින්තූරය අඳිති.
දෛනික ජීවිතය,clean_sentence,ක්‍රියාපද හා කර්තෘ,පාසලේදී අපි කවිය ඉගෙන ගනිමු.
දෛනික ජීවිතය,clean_sentence,ක්‍රියාපද හා කර්තෘ,සවස ක්‍රීඩා පිටියේදී මම මල් පැළය ඉගෙන ගනිමි.
දෛනික ජීවිතය,clean_sentence,ක්‍රියාපද හා කර්තෘ,අද නිවසේදී ළමයා මල් පැළය අඳියි.
දෛනික ජීවිතය,clean_sentence,ක්‍රියාපද හා කර්තෘ,පාසලේදී මම කතා පොත රැකබලා ගනිමි.
දෛනික ජීවිතය,clean_sentence,ක්‍රියාපද හා කර්තෘ,හෙට ක්‍රීඩා පිටියේදී මම කතා පොත අඳිමි.
දෛනික ජීවිතය,clean_sentence,ක්‍රියාපද හා කර්තෘ,පුස්තකාලයේදී මිතුරා ගස උදව් කරයි.
දෛනික ජීවිතය,clean_sentence,ක්‍රියාපද හා කර්තෘ,අද ක්‍රීඩා පිටියේදී මිතුරා පුවත්පත උදව් කරයි.
දෛනික ජීවිතය,clean_sentence,ක්‍රියාපද හා කර්තෘ,නිවසේදී මම ගස ලියමි.
දෛනික ජීවිතය,clean_sentence,ක්‍රියාපද හා කර්තෘ,පන්ති කාමරයේදී ළමයි කතා පොත රැකබලා ගනිති.
දෛනික ජීවිතය,clean_sentence,ක්‍රියාපද හා කර්තෘ,පාසලේදී මම ගස ලියමි.
දෛනික ජීවිතය,clean_sentence,ක්‍රියාපද හා කර්තෘ,උදෑසන පන්ති කාමරයේදී අපි ගස ඉගෙන ගනිමු.
දෛනික ජීවිතය,clean_sentence,ක්‍රියාපද හා කර්තෘ,පුස්තකාලයේදී ළමයි පින්තූරය සෙල්ලම් කරති.
දෛනික ජීවිතය,clean_sentence,ක්‍රියාපද හා කර්තෘ,උදෑසන පුස්තකාලයේදී ළමයි මල් පැළය සෙල්ලම් කරති.
දෛනික ජීවිතය,clean_sentence,ක්‍රියාපද හා කර්තෘ,දහවල් ක්‍රීඩා පිටියේදී මම ගස ලියමි.
දෛනික ජීවිතය,clean_sentence,ක්‍රියාපද හා කර්තෘ,පාසලේදී මම චිත්‍රය රැකබලා ගනිමි.
දෛනික ජීවිතය,clean_sentence,ක්‍රියාපද හා කර්තෘ,පුස්තකාලයේදී මිතුරෝ පුවත්පත අඳිති.
දෛනික ජීවිතය,clean_sentence,ක්‍රියාපද හා කර්තෘ,උදෑසන පුස්තකාලයේදී අපි ලිපිය ඉගෙන ගනිමු.
දෛනික ජීවිතය,clean_sentence,ක්‍රියාපද හා කර්තෘ,සවස පුස්තකාලයේදී ළමයි පින්තූරය රැකබලා ගනිති.
විස්තර කිරීම,clean_sentence,නාමපද හා විශේෂණ,වත්ත ඉතා ලස්සනය.
දෛනික ජීවිතය,clean_sentence,ක්‍රියාපද හා කර්තෘ,ක්‍රීඩා පිටියේදී අපි ලිපිය රැකබලා ගනිමු.
දෛනික ජීවිතය,clean_sentence,ක්‍රියාපද හා කර්තෘ,සවස වත්තේදී අපි ලිපිය ලියමු.
දෛනික ජීවිතය,clean_sentence,ක්‍රියාපද හා කර්තෘ,දහවල් නිවසේදී අපි මල් පැළය ඉගෙන ගනිමු.
දෛනික ජීවිතය,clean_sentence,ක්‍රියාපද හා කර්තෘ,පුස්තකාලයේදී ළමයි ලිපිය ලියති.
දෛනික ජීවිතය,clean_sentence,ක්‍රියාපද හා කර්තෘ,පාසලේදී මම ලිපිය ඉගෙන ගනිමි.
දෛනික ජීවිතය,clean_sentence,ක්‍රියාපද හා කර්තෘ,ඊයේ පුස්තකාලයේදී ළමයි මල් පැළය කියවති.
දෛනික ජීවිතය,clean_sentence,ක්‍රියාපද හා කර්තෘ,ක්‍රීඩා පිටියේදී මිතුරෝ කවිය ඉගෙන ගනිති.
දෛනික ජීවිතය,clean_sentence,ක්‍රියාපද හා කර්තෘ,පාසලේදී ළමයි සටහන කියවති.
දෛනික ජීවිතය,clean_sentence,ක්‍රියාපද හා කර්තෘ,පන්ති කාමරයේදී ළමයි පුවත්පත ඉගෙන ගනිති.
දෛනික ජීවිතය,clean_sentence,ක්‍රියාපද හා කර්තෘ,දහවල් ක්‍රීඩා පිටියේදී මිතුරා පින්තූරය සෙල්ලම් කරයි.
දෛනික ජීවිතය,clean_sentence,ක්‍රියාපද හා කර්තෘ,ඊයේ ක්‍රීඩා පිටියේදී ළමයි පින්තූරය රැකබලා ගනිති.
විස්තර කිරීම,clean_sentence,නාමපද හා විශේෂණ,ගස ප්‍රියජනකය.
දෛනික ජීවිතය,clean_sentence,ක්‍රියාපද හා කර්තෘ,ක්‍රීඩා පිටියේදී ළමයා චිත්‍රය අඳියි.
දෛනික ජීවිතය,clean_sentence,ක්‍රියාපද හා කර්තෘ,වත්තේදී අපි ගස ඉගෙන ගනිමු.
දෛනික ජීවිතය,clean_sentence,ක්‍රියාපද හා කර්තෘ,පුස්තකාලයේදී ළමයි චිත්‍රය කියවති.
දෛනික ජීවිතය,clean_sentence,ක්‍රියාපද හා කර්තෘ,වත්තේදී මම ලිපිය සෙල්ලම් කරමි.
දෛනික ජීවිතය,clean_sentence,ක්‍රියාපද හා කර්තෘ,උදෑසන වත්තේදී ළමයා චිත්‍රය සෙල්ලම් කරයි.
දෛනික ජීවිතය,clean_sentence,ක්‍රියාපද හා කර්තෘ,උදෑසන පුස්තකාලයේදී මිතුරෝ ගස උදව් කරති.
දෛනික ජීවිතය,clean_sentence,ක්‍රියාපද හා කර්තෘ,නිවසේදී අපි පාසල් පොත සෙල්ලම් කරමු.
දෛනික ජීවිතය,clean_sentence,ක්‍රියාපද හා කර්තෘ,පාසලේදී මිතුරෝ ලිපිය උදව් කරති.
දෛනික ජීවිතය,clean_sentence,ක්‍රියාපද හා කර්තෘ,උදෑසන පාසලේදී අපි ලිපිය ඉගෙන ගනිමු.
දෛනික ජීවිතය,clean_sentence,ක්‍රියාපද හා කර්තෘ,අද පුස්තකාලයේදී ළමයි පාසල් පොත රැකබලා ගනිති.
දෛනික ජීවිතය,clean_sentence,ක්‍රියාපද හා කර්තෘ,අද පන්ති කාමරයේදී අපි පාසල් පොත ලියමු.
දෛනික ජීවිතය,clean_sentence,ක්‍රියාපද හා කර්තෘ,සවස වත්තේදී ළමයා පුවත්පත රැකබලා ගනියි.
දෛනික ජීවිතය,clean_sentence,ක්‍රියාපද හා කර්තෘ,පාසලේදී ළමයා චිත්‍රය අඳියි.
දෛනික ජීවිතය,clean_sentence,ක්‍රියාපද හා කර්තෘ,උදෑසන පන්ති කාමරයේදී ළමයි පුවත්පත අඳිති.
දෛනික ජීවිතය,clean_sentence,ක්‍රියාපද හා කර්තෘ,දහවල් පුස්තකාලයේදී මම කවිය සෙල්ලම් කරමි.
දෛනික ජීවිතය,clean_sentence,ක්‍රියාපද හා කර්තෘ,ක්‍රීඩා පිටියේදී ළමයි පින්තූරය ලියති.
දෛනික ජීවිතය,clean_sentence,ක්‍රියාපද හා කර්තෘ,අද වත්තේදී මිතුරා කවිය කියවයි.
දෛනික ජීවිතය,clean_sentence,ක්‍රියාපද හා කර්තෘ,නිවසේදී අපි සටහන සෙල්ලම් කරමු.
දෛනික ජීවිතය,clean_sentence,ක්‍රියාපද හා කර්තෘ,පාසලේදී ළමයි ගස අඳිති.
දෛනික ජීවිතය,clean_sentence,ක්‍රියාපද හා කර්තෘ,නිවසේදී මිතුරා පින්තූරය සෙල්ලම් කරයි.
දෛනික ජීවිතය,clean_sentence,ක්‍රියාපද හා කර්තෘ,පන්ති කාමරයේදී මිතුරෝ මල් පැළය උදව් කරති.
විස්තර කිරීම,clean_sentence,නාමපද හා විශේෂණ,ක්‍රීඩා පිටිය විශාලය.
දෛනික ජීවිතය,clean_sentence,ක්‍රියාපද හා කර්තෘ,උදෑසන ක්‍රීඩා පිටියේදී අපි කතා පොත අඳිමු.
දෛනික ජීවිතය,clean_sentence,ක්‍රියාපද හා කර්තෘ,වත්තේදී මිතුරෝ කතා පොත අඳිති.
දෛනික ජීවිතය,clean_sentence,ක්‍රියාපද හා කර්තෘ,අද ක්‍රීඩා පිටියේදී මිතුරෝ ලිපිය ලියති.
දෛනික ජීවිතය,clean_sentence,ක්‍රියාපද හා කර්තෘ,පුස්තකාලයේදී මිතුරෝ පාසල් පොත ලියති.
දෛනික ජීවිතය,clean_sentence,ක්‍රියාපද හා කර්තෘ,නිවසේදී අපි ලිපිය ලියමු.
දෛනික ජීවිතය,clean_sentence,ක්‍රියාපද හා කර්තෘ,පුස්තකාලයේදී මිතුරෝ සටහන ඉගෙන ගනිති.
දෛනික ජීවිතය,clean_sentence,ක්‍රියාපද හා කර්තෘ,පුස්තකාලයේදී අපි කතා පොත ලියමු.
දෛනික ජීවිතය,clean_sentence,ක්‍රියාපද හා කර්තෘ,පුස්තකාලයේදී මම සටහන රැකබලා ගනිමි.
දෛනික ජීවිතය,clean_sentence,ක්‍රියාපද හා කර්තෘ,වත්තේදී මිතුරා ලිපිය කියවයි.
දෛනික ජීවිතය,clean_sentence,ක්‍රියාපද හා කර්තෘ,සවස පන්ති කාමරයේදී ළමයි කතා පොත ඉගෙන ගනිති.
දෛනික ජීවිතය,clean_sentence,ක්‍රියාපද හා කර්තෘ,පාසලේදී මිතුරෝ මල් පැළය ඉගෙන ගනිති.
දෛනික ජීවිතය,clean_sentence,ක්‍රියාපද හා කර්තෘ,පන්ති කාමරයේදී මිතුරෝ ලිපිය කියවති.
දෛනික ජීවිතය,clean_sentence,ක්‍රියාපද හා කර්තෘ,නිවසේදී මම මල් පැළය සෙල්ලම් කරමි.
දෛනික ජීවිතය,clean_sentence,ක්‍රියාපද හා කර්තෘ,අද පන්ති කාමරයේදී ළමයි සටහන රැකබලා ගනිති.
දෛනික ජීවිතය,clean_sentence,ක්‍රියාපද හා කර්තෘ,වත්තේදී අපි කවිය ලියමු.
විස්තර කිරීම,clean_sentence,නාමපද හා විශේෂණ,ගඟ කුඩාය.
දෛනික ජීවිතය,clean_sentence,ක්‍රියාපද හා කර්තෘ,සවස ක්‍රීඩා පිටියේදී මිතුරා පුවත්පත ලියයි.
දෛනික ජීවිතය,clean_sentence,ක්‍රියාපද හා කර්තෘ,නිවසේදී අපි පින්තූරය ඉගෙන ගනිමු.
දෛනික ජීවිතය,clean_sentence,ක්‍රියාපද හා කර්තෘ,ඊයේ පන්ති කාමරයේදී අපි පුවත්පත කියවමු.
දෛනික ජීවිතය,clean_sentence,ක්‍රියාපද හා කර්තෘ,සවස පුස්තකාලයේදී ළමයි චිත්‍රය ඉගෙන ගනිති.
දෛනික ජීවිතය,clean_sentence,ක්‍රියාපද හා කර්තෘ,සවස පාසලේදී ළමයා පුවත්පත ලියයි.
දෛනික ජීවිතය,clean_sentence,ක්‍රියාපද හා කර්තෘ,හෙට නිවසේදී ළමයා ලිපිය කියවයි.
දෛනික ජීවිතය,clean_sentence,ක්‍රියාපද හා කර්තෘ,උදෑසන වත්තේදී මිතුරෝ සටහන ලියති.
දෛනික ජීවිතය,clean_sentence,ක්‍රියාපද හා කර්තෘ,වත්තේදී ළමයා චිත්‍රය ඉගෙන ගනියි.
දෛනික ජීවිතය,clean_sentence,ක්‍රියාපද හා කර්තෘ,පන්ති කාමරයේදී මිතුරා පාසල් පොත අඳියි.
දෛනික ජීවිතය,clean_sentence,ක්‍රියාපද හා කර්තෘ,අද පාසලේදී මිතුරා සටහන ලියයි.
දෛනික ජීවිතය,clean_sentence,ක්‍රියාපද හා කර්තෘ,හෙට පන්ති කාමරයේදී අපි මල් පැළය අඳිමු.
දෛනික ජීවිතය,clean_sentence,ක්‍රියාපද හා කර්තෘ,ඊයේ නිවසේදී ළමයා සටහන ඉගෙන ගනියි.
වාක්‍ය සම්බන්ධ කිරීම,clean_sentence,සම්බන්ධක පද,මම පාඩම් කරමි නමුත් පසුව සෙල්ලම් කරමි.
දෛනික ජීවිතය,clean_sentence,ක්‍රියාපද හා කර්තෘ,වත්තේදී මම කවිය ඉගෙන ගනිමි.
විස්තර කිරීම,clean_sentence,නාමපද හා විශේෂණ,පන්ති කාමරය සන්සුන්ය.
දෛනික ජීවිතය,clean_sentence,ක්‍රියාපද හා කර්තෘ,ක්‍රීඩා පිටියේදී මිතුරා ලිපිය කියවයි.
දෛනික ජීවිතය,clean_sentence,ක්‍රියාපද හා කර්තෘ,අද පන්ති කාමරයේදී ළමයි පාසල් පොත අඳිති.
දෛනික ජීවිතය,clean_sentence,ක්‍රියාපද හා කර්තෘ,ඊයේ වත්තේදී මම මල් පැළය අඳිමි.
දෛනික ජීවිතය,clean_sentence,ක්‍රියාපද හා කර්තෘ,හෙට නිවසේදී මිතුරෝ ගස උදව් කරති.
දෛනික ජීවිතය,clean_sentence,ක්‍රියාපද හා කර්තෘ,ඊයේ වත්තේදී මම පුවත්පත ලියමි.
දෛනික ජීවිතය,clean_sentence,ක්‍රියාපද හා කර්තෘ,හෙට පුස්තකාලයේදී ළමයි මල් පැළය ලියති.
දෛනික ජීවිතය,clean_sentence,ක්‍රියාපද හා කර්තෘ,පුස්තකාලයේදී ළමයා ලිපිය ලියයි.
දෛනික ජීවිතය,clean_sentence,ක්‍රියාපද හා කර්තෘ,සවස පාසලේදී මිතුරා කතා පොත සෙල්ලම් කරයි.
දෛනික ජීවිතය,clean_sentence,ක්‍රියාපද හා කර්තෘ,ක්‍රීඩා පිටියේදී මිතුරෝ සටහන ඉගෙන ගනිති.
දෛනික ජීවිතය,clean_sentence,ක්‍රියාපද හා කර්තෘ,පාසලේදී අපි ලිපිය කියවමු.
දෛනික ජීවිතය,clean_sentence,ක්‍රියාපද හා කර්තෘ,හෙට නිවසේදී ළමයි ගස ඉගෙන ගනිති.
දෛනික ජීවිතය,clean_sentence,ක්‍රියාපද හා කර්තෘ,ක්‍රීඩා පිටියේදී අපි කතා පොත ඉගෙන ගනිමු.
විස්තර කිරීම,clean_sentence,නාමපද හා විශේෂණ,ගඟ ළමයින්ට ප්‍රයෝජනවත්ය.
දෛනික ජීවිතය,clean_sentence,ක්‍රියාපද හා කර්තෘ,උදෑසන ක්‍රීඩා පිටියේදී මම පුවත්පත ලියමි.
දෛනික ජීවිතය,clean_sentence,ක්‍රියාපද හා කර්තෘ,අද පන්ති කාමරයේදී ළමයා පින්තූරය ලියයි.
දෛනික ජීවිතය,clean_sentence,ක්‍රියාපද හා කර්තෘ,ක්‍රීඩා පිටියේදී මිතුරෝ ලිපිය උදව් කරති.
දෛනික ජීවිතය,clean_sentence,ක්‍රියාපද හා කර්තෘ,හෙට නිවසේදී මම කවිය අඳිමි.
දෛනික ජීවිතය,clean_sentence,ක්‍රියාපද හා කර්තෘ,පන්ති කාමරයේදී අපි කතා පොත රැකබලා ගනිමු.
දෛනික ජීවිතය,clean_sentence,ක්‍රියාපද හා කර්තෘ,පාසලේදී ළමයා පින්තූරය ඉගෙන ගනියි.
දෛනික ජීවිතය,clean_sentence,ක්‍රියාපද හා කර්තෘ,හෙට පන්ති කාමරයේදී ළමයි සටහන සෙල්ලම් කරති.
දෛනික ජීවිතය,clean_sentence,ක්‍රියාපද හා කර්තෘ,ඊයේ පුස්තකාලයේදී ළමයි පුවත්පත ලියති.
දෛනික ජීවිතය,clean_sentence,ක්‍රියාපද හා කර්තෘ,හෙට පුස්තකාලයේදී මිතුරා පාසල් පොත සෙල්ලම් කරයි.
දෛනික ජීවිතය,clean_sentence,ක්‍රියාපද හා කර්තෘ,ඊයේ වත්තේදී ළමයා ලිපිය ලියයි.
දෛනික ජීවිතය,clean_sentence,ක්‍රියාපද හා කර්තෘ,වත්තේදී අපි කවිය රැකබලා ගනිමු.
දෛනික ජීවිතය,clean_sentence,ක්‍රියාපද හා කර්තෘ,අද පුස්තකාලයේදී ළමයා කවිය සෙල්ලම් කරයි.
විස්තර කිරීම,clean_sentence,නාමපද හා විශේෂණ,අපේ ගම ප්‍රියජනකය.
දෛනික ජීවිතය,clean_sentence,ක්‍රියාපද හා කර්තෘ,සවස පුස්තකාලයේදී ළමයි පුවත්පත අඳිති.
දෛනික ජීවිතය,clean_sentence,ක්‍රියාපද හා කර්තෘ,සවස පාසලේදී මිතුරෝ පින්තූරය ඉගෙන ගනිති.
දෛනික ජීවිතය,clean_sentence,ක්‍රියාපද හා කර්තෘ,දහවල් පන්ති කාමරයේදී ළමයි ගස කියවති.
දෛනික ජීවිතය,clean_sentence,ක්‍රියාපද හා කර්තෘ,පාසලේදී මිතුරා සටහන ඉගෙන ගනියි.
දෛනික ජීවිතය,clean_sentence,ක්‍රියාපද හා කර්තෘ,දහවල් නිවසේදී ළමයි පාසල් පොත අඳිති.
දෛනික ජීවිතය,clean_sentence,ක්‍රියාපද හා කර්තෘ,නිවසේදී අපි පාසල් පොත කියවමු.
දෛනික ජීවිතය,clean_sentence,ක්‍රියාපද හා කර්තෘ,හෙට පාසලේදී මම කතා පොත සෙල්ලම් කරමි.
දෛනික ජීවිතය,clean_sentence,ක්‍රියාපද හා කර්තෘ,නිවසේදී මම පාසල් පොත රැකබලා ගනිමි.
දෛනික ජීවිතය,clean_sentence,ක්‍රියාපද හා කර්තෘ,පන්ති කාමරයේදී ළමයා කතා පොත ඉගෙන ගනියි.
දෛනික ජීවිතය,clean_sentence,ක්‍රියාපද හා කර්තෘ,පුස්තකාලයේදී මම සටහන ලියමි.
දෛනික ජීවිතය,clean_sentence,ක්‍රියාපද හා කර්තෘ,පුස්තකාලයේදී ළමයා පින්තූරය කියවයි.
දෛනික ජීවිතය,clean_sentence,ක්‍රියාපද හා කර්තෘ,උදෑසන ක්‍රීඩා පිටියේදී මිතුරෝ චිත්‍රය ලියති.
දෛනික ජීවිතය,clean_sentence,ක්‍රියාපද හා කර්තෘ,නිවසේදී ළමයා පාසල් පොත ලියයි.
දෛනික ජීවිතය,clean_sentence,ක්‍රියාපද හා කර්තෘ,දහවල් පාසලේදී අපි මල් පැළය අඳිමු.
දෛනික ජීවිතය,clean_sentence,ක්‍රියාපද හා කර්තෘ,අද පන්ති කාමරයේදී මිතුරෝ පාසල් පොත උදව් කරති.
දෛනික ජීවිතය,clean_sentence,ක්‍රියාපද හා කර්තෘ,උදෑසන නිවසේදී මම කවිය කියවමි.
දෛනික ජීවිතය,clean_sentence,ක්‍රියාපද හා කර්තෘ,ක්‍රීඩා පිටියේදී මිතුරෝ චිත්‍රය උදව් කරති.
දෛනික ජීවිතය,clean_sentence,ක්‍රියාපද හා කර්තෘ,හෙට පාසලේදී ළමයා කතා පොත රැකබලා ගනියි.
දෛනික ජීවිතය,clean_sentence,ක්‍රියාපද හා කර්තෘ,පන්ති කාමරයේදී ළමයි කතා පොත සෙල්ලම් කරති.
දෛනික ජීවිතය,clean_sentence,ක්‍රියාපද හා කර්තෘ,නිවසේදී අපි ලිපිය රැකබලා ගනිමු.
දෛනික ජීවිතය,clean_sentence,ක්‍රියාපද හා කර්තෘ,හෙට ක්‍රීඩා පිටියේදී ළමයි ගස ඉගෙන ගනිති.
දෛනික ජීවිතය,clean_sentence,ක්‍රියාපද හා කර්තෘ,උදෑසන වත්තේදී මිතුරෝ මල් පැළය ඉගෙන ගනිති.
දෛනික ජීවිතය,clean_sentence,ක්‍රියාපද හා කර්තෘ,සවස පන්ති කාමරයේදී ළමයා ලිපිය ඉගෙන ගනියි.
විස්තර කිරීම,clean_sentence,නාමපද හා විශේෂණ,අපේ ගම පිරිසිදුව තිබේ.
දෛනික ජීවිතය,clean_sentence,ක්‍රියාපද හා කර්තෘ,හෙට පන්ති කාමරයේදී ළමයි මල් පැළය කියවති.
දෛනික ජීවිතය,clean_sentence,ක්‍රියාපද හා කර්තෘ,දහවල් පන්ති කාමරයේදී ළමයා කතා පොත කියවයි.
දෛනික ජීවිතය,clean_sentence,ක්‍රියාපද හා කර්තෘ,දහවල් නිවසේදී ළමයි පින්තූරය කියවති.
වාක්‍ය සම්බන්ධ කිරීම,clean_sentence,සම්බන්ධක පද,අපි පුස්තකාලයට ගියෙමු පසුව පොත් කිහිපයක් කියවූවෙමු.
දෛනික ජීවිතය,clean_sentence,ක්‍රියාපද හා කර්තෘ,ක්‍රීඩා පිටියේදී මිතුරෝ මල් පැළය උදව් කරති.
දෛනික ජීවිතය,clean_sentence,ක්‍රියාපද හා කර්තෘ,පුස්තකාලයේදී ළමයා ලිපිය සෙල්ලම් කරයි.
දෛනික ජීවිතය,clean_sentence,ක්‍රියාපද හා කර්තෘ,ක්‍රීඩා පිටියේදී අපි කවිය කියවමු.
දෛනික ජීවිතය,clean_sentence,ක්‍රියාපද හා කර්තෘ,ක්‍රීඩා පිටියේදී ළමයි චිත්‍රය කියවති.
දෛනික ජීවිතය,clean_sentence,ක්‍රියාපද හා කර්තෘ,අද පුස්තකාලයේදී අපි ලිපිය රැකබලා ගනිමු.
දෛනික ජීවිතය,clean_sentence,ක්‍රියාපද හා කර්තෘ,වත්තේදී අපි පාසල් පොත සෙල්ලම් කරමු.
දෛනික ජීවිතය,clean_sentence,ක්‍රියාපද හා කර්තෘ,ඊයේ පාසලේදී මිතුරෝ පින්තූරය අඳිති.
දෛනික ජීවිතය,clean_sentence,ක්‍රියාපද හා කර්තෘ,හෙට ක්‍රීඩා පිටියේදී අපි පුවත්පත ඉගෙන ගනිමු.
දෛනික ජීවිතය,clean_sentence,ක්‍රියාපද හා කර්තෘ,වත්තේදී ළමයා ගස සෙල්ලම් කරයි.
දෛනික ජීවිතය,clean_sentence,ක්‍රියාපද හා කර්තෘ,දහවල් නිවසේදී අපි ලිපිය කියවමු.
දෛනික ජීවිතය,clean_sentence,ක්‍රියාපද හා කර්තෘ,පුස්තකාලයේදී මම කවිය ලියමි.
දෛනික ජීවිතය,clean_sentence,ක්‍රියාපද හා කර්තෘ,උදෑසන පුස්තකාලයේදී මිතුරා කතා පොත උදව් කරයි.
දෛනික ජීවිතය,clean_sentence,ක්‍රියාපද හා කර්තෘ,පන්ති කාමරයේදී මිතුරෝ පාසල් පොත අඳිති.
දෛනික ජීවිතය,clean_sentence,ක්‍රියාපද හා කර්තෘ,උදෑසන නිවසේදී මිතුරා කවිය සෙල්ලම් කරයි.
දෛනික ජීවිතය,clean_sentence,ක්‍රියාපද හා කර්තෘ,පාසලේදී අපි ගස ඉගෙන ගනිමු.
දෛනික ජීවිතය,clean_sentence,ක්‍රියාපද හා කර්තෘ,අද පන්ති කාමරයේදී ළමයා මල් පැළය ලියයි.
දෛනික ජීවිතය,clean_sentence,ක්‍රියාපද හා කර්තෘ,ක්‍රීඩා පිටියේදී ළමයි පාසල් පොත ඉගෙන ගනිති.
දෛනික ජීවිතය,clean_sentence,ක්‍රියාපද හා කර්තෘ,පන්ති කාමරයේදී මිතුරා ලිපිය ලියයි.
දෛනික ජීවිතය,clean_sentence,ක්‍රියාපද හා කර්තෘ,සවස නිවසේදී මම චිත්‍රය ඉගෙන ගනිමි.
දෛනික ජීවිතය,clean_sentence,ක්‍රියාපද හා කර්තෘ,පාසලේදී ළමයි කතා පොත ලියති.
දෛනික ජීවිතය,clean_sentence,ක්‍රියාපද හා කර්තෘ,හෙට පන්ති කාමරයේදී අපි පින්තූරය රැකබලා ගනිමු.
දෛනික ජීවිතය,clean_sentence,ක්‍රියාපද හා කර්තෘ,පාසලේදී ළමයි සටහන ඉගෙන ගනිති.
දෛනික ජීවිතය,clean_sentence,ක්‍රියාපද හා කර්තෘ,පුස්තකාලයේදී අපි මල් පැළය සෙල්ලම් කරමු.
දෛනික ජීවිතය,clean_sentence,ක්‍රියාපද හා කර්තෘ,පුස්තකාලයේදී ළමයා පින්තූරය ඉගෙන ගනියි.
දෛනික ජීවිතය,clean_sentence,ක්‍රියාපද හා කර්තෘ,වත්තේදී අපි චිත්‍රය කියවමු.
දෛනික ජීවිතය,clean_sentence,ක්‍රියාපද හා කර්තෘ,නිවසේදී මිතුරා පාසල් පොත කියවයි.
දෛනික ජීවිතය,clean_sentence,ක්‍රියාපද හා කර්තෘ,වත්තේදී ළමයා පින්තූරය අඳියි.
ලිවීම,clean_sentence,ලිඛිත ප්‍රකාශනය,අපේ පාසල ගැන කෙටි සටහනක් ලියමි.
දෛනික ජීවිතය,clean_sentence,ක්‍රියාපද හා කර්තෘ,පාසලේදී ළමයි මල් පැළය ඉගෙන ගනිති.
දෛනික ජීවිතය,clean_sentence,ක්‍රියාපද හා කර්තෘ,දහවල් පාසලේදී ළමයි සටහන ලියති.
දෛනික ජීවිතය,clean_sentence,ක්‍රියාපද හා කර්තෘ,දහවල් නිවසේදී මිතුරෝ චිත්‍රය සෙල්ලම් කරති.
වාක්‍ය සම්බන්ධ කිරීම,clean_sentence,සම්බන්ධක පද,අම්මා ආහාර සකස් කරයි ඒ නිසා තාත්තා මේසය සකස් කරයි.
දෛනික ජීවිතය,clean_sentence,ක්‍රියාපද හා කර්තෘ,හෙට පුස්තකාලයේදී මිතුරෝ චිත්‍රය උදව් කරති.
දෛනික ජීවිතය,clean_sentence,ක්‍රියාපද හා කර්තෘ,දහවල් පන්ති කාමරයේදී ළමයා පුවත්පත කියවයි.
දෛනික ජීවිතය,clean_sentence,ක්‍රියාපද හා කර්තෘ,දහවල් ක්‍රීඩා පිටියේදී ළමයා කවිය ලියයි.
දෛනික ජීවිතය,clean_sentence,ක්‍රියාපද හා කර්තෘ,පුස්තකාලයේදී මිතුරෝ සටහන සෙල්ලම් කරති.
දෛනික ජීවිතය,clean_sentence,ක්‍රියාපද හා කර්තෘ,අද නිවසේදී ළමයි සටහන රැකබලා ගනිති.
දෛනික ජීවිතය,clean_sentence,ක්‍රියාපද හා කර්තෘ,පන්ති කාමරයේදී මම පාසල් පොත ඉගෙන ගනිමි.
දෛනික ජීවිතය,clean_sentence,ක්‍රියාපද හා කර්තෘ,පන්ති කාමරයේදී මිතුරා චිත්‍රය උදව් කරයි.
දෛනික ජීවිතය,clean_sentence,ක්‍රියාපද හා කර්තෘ,වත්තේදී ළමයා ලිපිය සෙල්ලම් කරයි.
දෛනික ජීවිතය,clean_sentence,ක්‍රියාපද හා කර්තෘ,ඊයේ නිවසේදී මිතුරා පින්තූරය ලියයි.
දෛනික ජීවිතය,clean_sentence,ක්‍රියාපද හා කර්තෘ,සවස පුස්තකාලයේදී අපි කතා පොත සෙල්ලම් කරමු.
දෛනික ජීවිතය,clean_sentence,ක්‍රියාපද හා කර්තෘ,පන්ති කාමරයේදී මම මල් පැළය කියවමි.
දෛනික ජීවිතය,clean_sentence,ක්‍රියාපද හා කර්තෘ,ක්‍රීඩා පිටියේදී මිතුරෝ චිත්‍රය අඳිති.
දෛනික ජීවිතය,clean_sentence,ක්‍රියාපද හා කර්තෘ,වත්තේදී ළමයි ලිපිය රැකබලා ගනිති.
දෛනික ජීවිතය,clean_sentence,ක්‍රියාපද හා කර්තෘ,ඊයේ වත්තේදී අපි සටහන ඉගෙන ගනිමු.
දෛනික ජීවිතය,clean_sentence,ක්‍රියාපද හා කර්තෘ,පන්ති කාමරයේදී මිතුරා ලිපිය අඳියි.
දෛනික ජීවිතය,clean_sentence,ක්‍රියාපද හා කර්තෘ,පුස්තකාලයේදී ළමයි කවිය කියවති.
දෛනික ජීවිතය,clean_sentence,ක්‍රියාපද හා කර්තෘ,උදෑසන පාසලේදී මම පුවත්පත කියවමි.
දෛනික ජීවිතය,clean_sentence,ක්‍රියාපද හා කර්තෘ,දහවල් පාසලේදී ළමයා කවිය රැකබලා ගනියි.
දෛනික ජීවිතය,clean_sentence,ක්‍රියාපද හා කර්තෘ,අද පුස්තකාලයේදී මිතුරෝ ලිපිය ලියති.
දෛනික ජීවිතය,clean_sentence,ක්‍රියාපද හා කර්තෘ,පුස්තකාලයේදී මිතුරෝ පාසල් පොත අඳිති.
දෛනික ජීවිතය,clean_sentence,ක්‍රියාපද හා කර්තෘ,ඊයේ නිවසේදී මම සටහන ඉගෙන ගනිමි.
දෛනික ජීවිතය,clean_sentence,ක්‍රියාපද හා කර්තෘ,නිවසේදී අපි කවිය කියවමු.
දෛනික ජීවිතය,clean_sentence,ක්‍රියාපද හා කර්තෘ,ක්‍රීඩා පිටියේදී මම ගස කියවමි.
දෛනික ජීවිතය,clean_sentence,ක්‍රියාපද හා කර්තෘ,වත්තේදී මම පුවත්පත සෙල්ලම් කරමි.
දෛනික ජීවිතය,clean_sentence,ක්‍රියාපද හා කර්තෘ,ක්‍රීඩා පිටියේදී ළමයි සටහන ලියති.
දෛනික ජීවිතය,clean_sentence,ක්‍රියාපද හා කර්තෘ,පුස්තකාලයේදී මිතුරෝ ලිපිය සෙල්ලම් කරති.
දෛනික ජීවිතය,clean_sentence,ක්‍රියාපද හා කර්තෘ,අද පන්ති කාමරයේදී ළමයි ලිපිය ලියති.
දෛනික ජීවිතය,clean_sentence,ක්‍රියාපද හා කර්තෘ,දහවල් නිවසේදී ළමයි ලිපිය කියවති.
දෛනික ජීවිතය,clean_sentence,ක්‍රියාපද හා කර්තෘ,පුස්තකාලයේදී ළමයා චිත්‍රය අඳියි.
දෛනික ජීවිතය,clean_sentence,ක්‍රියාපද හා කර්තෘ,හෙට නිවසේදී ළමයි චිත්‍රය රැකබලා ගනිති.
දෛනික ජීවිතය,clean_sentence,ක්‍රියාපද හා කර්තෘ,වත්තේදී ළමයි කතා පොත ලියති.
දෛනික ජීවිතය,clean_sentence,ක්‍රියාපද හා කර්තෘ,ක්‍රීඩා පිටියේදී මිතුරෝ පුවත්පත ලියති.
දෛනික ජීවිතය,clean_sentence,ක්‍රියාපද හා කර්තෘ,නිවසේදී මිතුරා කතා පොත කියවයි.
දෛනික ජීවිතය,clean_sentence,ක්‍රියාපද හා කර්තෘ,පාසලේදී මිතුරෝ පාසල් පොත උදව් කරති.
දෛනික ජීවිතය,clean_sentence,ක්‍රියාපද හා කර්තෘ,දහවල් පන්ති කාමරයේදී අපි ගස අඳිමු.
දෛනික ජීවිතය,clean_sentence,ක්‍රියාපද හා කර්තෘ,උදෑසන නිවසේදී මම කතා පොත රැකබලා ගනිමි.
දෛනික ජීවිතය,clean_sentence,ක්‍රියාපද හා කර්තෘ,දහවල් පාසලේදී මිතුරා මල් පැළය සෙල්ලම් කරයි.
දෛනික ජීවිතය,clean_sentence,ක්‍රියාපද හා කර්තෘ,පන්ති කාමරයේදී මිතුරා ගස සෙල්ලම් කරයි.
දෛනික ජීවිතය,clean_sentence,ක්‍රියාපද හා කර්තෘ,උදෑසන ක්‍රීඩා පිටියේදී මිතුරෝ කවිය ලියති.
දෛනික ජීවිතය,clean_sentence,ක්‍රියාපද හා කර්තෘ,උදෑසන පන්ති කාමරයේදී අපි පුවත්පත සෙල්ලම් කරමු.
දෛනික ජීවිතය,clean_sentence,ක්‍රියාපද හා කර්තෘ,නිවසේදී මිතුරෝ කතා පොත අඳිති.
දෛනික ජීවිතය,clean_sentence,ක්‍රියාපද හා කර්තෘ,පුස්තකාලයේදී මිතුරෝ ගස සෙල්ලම් කරති.
දෛනික ජීවිතය,clean_sentence,ක්‍රියාපද හා කර්තෘ,හෙට පුස්තකාලයේදී මිතුරෝ පාසල් පොත ඉගෙන ගනිති.
දෛනික ජීවිතය,clean_sentence,ක්‍රියාපද හා කර්තෘ,උදෑසන පාසලේදී අපි කවිය රැකබලා ගනිමු.
දෛනික ජීවිතය,clean_sentence,ක්‍රියාපද හා කර්තෘ,අද පන්ති කාමරයේදී මිතුරෝ කවිය ලියති.
දෛනික ජීවිතය,clean_sentence,ක්‍රියාපද හා කර්තෘ,දහවල් ක්‍රීඩා පිටියේදී මිතුරෝ ගස අඳිති.
දෛනික ජීවිතය,clean_sentence,ක්‍රියාපද හා කර්තෘ,දහවල් පුස්තකාලයේදී මිතුරා ලිපිය ලියයි.
දෛනික ජීවිතය,clean_sentence,ක්‍රියාපද හා කර්තෘ,අද පාසලේදී මිතුරෝ කවිය ඉගෙන ගනිති.
දෛනික ජීවිතය,clean_sentence,ක්‍රියාපද හා කර්තෘ,නිවසේදී මම චිත්‍රය රැකබලා ගනිමි.
දෛනික ජීවිතය,clean_sentence,ක්‍රියාපද හා කර්තෘ,අද වත්තේදී ළමයි කවිය කියවති.
දෛනික ජීවිතය,clean_sentence,ක්‍රියාපද හා කර්තෘ,පාසලේදී ළමයි පුවත්පත අඳිති.
දෛනික ජීවිතය,clean_sentence,ක්‍රියාපද හා කර්තෘ,පාසලේදී මිතුරෝ සටහන අඳිති.
විස්තර කිරීම,clean_sentence,නාමපද හා විශේෂණ,ගඟ ඉතා ලස්සනය.
දෛනික ජීවිතය,clean_sentence,ක්‍රියාපද හා කර්තෘ,පන්ති කාමරයේදී මම කවිය ඉගෙන ගනිමි.
දෛනික ජීවිතය,clean_sentence,ක්‍රියාපද හා කර්තෘ,ක්‍රීඩා පිටියේදී ළමයි මල් පැළය අඳිති.
දෛනික ජීවිතය,clean_sentence,ක්‍රියාපද හා කර්තෘ,හෙට ක්‍රීඩා පිටියේදී මිතුරා කතා පොත ලියයි.
දෛනික ජීවිතය,clean_sentence,ක්‍රියාපද හා කර්තෘ,නිවසේදී ළමයි පින්තූරය ඉගෙන ගනිති.
දෛනික ජීවිතය,clean_sentence,ක්‍රියාපද හා කර්තෘ,උදෑසන පන්ති කාමරයේදී අපි කවිය රැකබලා ගනිමු.
දෛනික ජීවිතය,clean_sentence,ක්‍රියාපද හා කර්තෘ,ක්‍රීඩා පිටියේදී මම ගස රැකබලා ගනිමි.
දෛනික ජීවිතය,clean_sentence,ක්‍රියාපද හා කර්තෘ,සවස පන්ති කාමරයේදී ළමයි පුවත්පත ලියති.
දෛනික ජීවිතය,clean_sentence,ක්‍රියාපද හා කර්තෘ,ඊයේ පාසලේදී ළමයා සටහන අඳියි.
දෛනික ජීවිතය,clean_sentence,ක්‍රියාපද හා කර්තෘ,වත්තේදී මිතුරෝ මල් පැළය කියවති.
දෛනික ජීවිතය,clean_sentence,ක්‍රියාපද හා කර්තෘ,නිවසේදී ළමයි චිත්‍රය සෙල්ලම් කරති.
වාක්‍ය සම්බන්ධ කිරීම,clean_sentence,සම්බන්ධක පද,අපි ගසක් සිටුවමු එවිට එයට ජලය දමමු.
දෛනික ජීවිතය,clean_sentence,ක්‍රියාපද හා කර්තෘ,හෙට පන්ති කාමරයේදී ළමයා ගස ලියයි.
දෛනික ජීවිතය,clean_sentence,ක්‍රියාපද හා කර්තෘ,පන්ති කාමරයේදී ළමයා ගස අඳියි.
දෛනික ජීවිතය,clean_sentence,ක්‍රියාපද හා කර්තෘ,නිවසේදී ළමයා ගස ලියයි.
දෛනික ජීවිතය,clean_sentence,ක්‍රියාපද හා කර්තෘ,පුස්තකාලයේදී අපි ගස රැකබලා ගනිමු.
දෛනික ජීවිතය,clean_sentence,ක්‍රියාපද හා කර්තෘ,නිවසේදී මිතුරා කතා පොත සෙල්ලම් කරයි.
දෛනික ජීවිතය,clean_sentence,ක්‍රියාපද හා කර්තෘ,ඊයේ නිවසේදී ළමයි ලිපිය ඉගෙන ගනිති.
දෛනික ජීවිතය,clean_sentence,ක්‍රියාපද හා කර්තෘ,සවස ක්‍රීඩා පිටියේදී මිතුරා කවිය ලියයි.
දෛනික ජීවිතය,clean_sentence,ක්‍රියාපද හා කර්තෘ,ක්‍රීඩා පිටියේදී මිතුරෝ පාසල් පොත කියවති.
දෛනික ජීවිතය,clean_sentence,ක්‍රියාපද හා කර්තෘ,පන්ති කාමරයේදී ළමයි ගස ලියති.
දෛනික ජීවිතය,clean_sentence,ක්‍රියාපද හා කර්තෘ,උදෑසන පුස්තකාලයේදී මිතුරා කතා පොත කියවයි.
දෛනික ජීවිතය,clean_sentence,ක්‍රියාපද හා කර්තෘ,ඊයේ පාසලේදී ළමයා සටහන සෙල්ලම් කරයි.
දෛනික ජීවිතය,clean_sentence,ක්‍රියාපද හා කර්තෘ,නිවසේදී මම මල් පැළය අඳිමි.
දෛනික ජීවිතය,clean_sentence,ක්‍රියාපද හා කර්තෘ,දහවල් පුස්තකාලයේදී ළමයි පාසල් පොත කියවති.
දෛනික ජීවිතය,clean_sentence,ක්‍රියාපද හා කර්තෘ,උදෑසන පන්ති කාමරයේදී අපි පින්තූරය කියවමු.
දෛනික ජීවිතය,clean_sentence,ක්‍රියාපද හා කර්තෘ,සවස පන්ති කාමරයේදී මම පින්තූරය රැකබලා ගනිමි.
දෛනික ජීවිතය,clean_sentence,ක්‍රියාපද හා කර්තෘ,හෙට නිවසේදී ළමයි කතා පොත අඳිති.
දෛනික ජීවිතය,clean_sentence,ක්‍රියාපද හා කර්තෘ,උදෑසන නිවසේදී මිතුරෝ මල් පැළය ඉගෙන ගනිති.
දෛනික ජීවිතය,clean_sentence,ක්‍රියාපද හා කර්තෘ,පාසලේදී අපි පින්තූරය ලියමු.
දෛනික ජීවිතය,clean_sentence,ක්‍රියාපද හා කර්තෘ,අද පුස්තකාලයේදී මිතුරෝ චිත්‍රය ලියති.
දෛනික ජීවිතය,clean_sentence,ක්‍රියාපද හා කර්තෘ,පුස්තකාලයේදී ළමයා පින්තූරය සෙල්ලම් කරයි.
දෛනික ජීවිතය,clean_sentence,ක්‍රියාපද හා කර්තෘ,පාසලේදී මිතුරා ගස කියවයි.
දෛනික ජීවිතය,clean_sentence,ක්‍රියාපද හා කර්තෘ,වත්තේදී ළමයි චිත්‍රය අඳිති.
දෛනික ජීවිතය,clean_sentence,ක්‍රියාපද හා කර්තෘ,ඊයේ වත්තේදී ළමයි පාසල් පොත ඉගෙන ගනිති.
දෛනික ජීවිතය,clean_sentence,ක්‍රියාපද හා කර්තෘ,පුස්තකාලයේදී මිතුරා සටහන උදව් කරයි.
විස්තර කිරීම,clean_sentence,නාමපද හා විශේෂණ,ක්‍රීඩා පිටිය කුඩාය.
දෛනික ජීවිතය,clean_sentence,ක්‍රියාපද හා කර්තෘ,පන්ති කාමරයේදී ළමයි සටහන ඉගෙන ගනිති.
ලිවීම,clean_sentence,ලිඛිත ප්‍රකාශනය,මගේ නිවාඩු දිනය ගැන දිනපොතේ සටහනක් ලියමි.
දෛනික ජීවිතය,clean_sentence,ක්‍රියාපද හා කර්තෘ,වත්තේදී මම කතා පොත ඉගෙන ගනිමි.
දෛනික ජීවිතය,clean_sentence,ක්‍රියාපද හා කර්තෘ,උදෑසන පාසලේදී ළමයා ගස ලියයි.
දෛනික ජීවිතය,clean_sentence,ක්‍රියාපද හා කර්තෘ,පුස්තකාලයේදී ළමයි කතා පොත කියවති.
දෛනික ජීවිතය,clean_sentence,ක්‍රියාපද හා කර්තෘ,උදෑසන පන්ති කාමරයේදී ළමයා පුවත්පත රැකබලා ගනියි.
දෛනික ජීවිතය,clean_sentence,ක්‍රියාපද හා කර්තෘ,හෙට පුස්තකාලයේදී අපි කවිය අඳිමු.
දෛනික ජීවිතය,clean_sentence,ක්‍රියාපද හා කර්තෘ,පාසලේදී ළමයා කවිය කියවයි.
දෛනික ජීවිතය,clean_sentence,ක්‍රියාපද හා කර්තෘ,ක්‍රීඩා පිටියේදී ළමයි ලිපිය රැකබලා ගනිති.
දෛනික ජීවිතය,clean_sentence,ක්‍රියාපද හා කර්තෘ,දහවල් නිවසේදී මම පුවත්පත සෙල්ලම් කරමි.
දෛනික ජීවිතය,clean_sentence,ක්‍රියාපද හා කර්තෘ,සවස ක්‍රීඩා පිටියේදී ළමයා සටහන කියවයි.
දෛනික ජීවිතය,clean_sentence,ක්‍රියාපද හා කර්තෘ,අද වත්තේදී අපි ගස කියවමු.
දෛනික ජීවිතය,clean_sentence,ක්‍රියාපද හා කර්තෘ,නිවසේදී මිතුරෝ මල් පැළය කියවති.
දෛනික ජීවිතය,clean_sentence,ක්‍රියාපද හා කර්තෘ,ක්‍රීඩා පිටියේදී මිතුරා පුවත්පත සෙල්ලම් කරයි.
දෛනික ජීවිතය,clean_sentence,ක්‍රියාපද හා කර්තෘ,ඊයේ පන්ති කාමරයේදී මම කතා පොත අඳිමි.
දෛනික ජීවිතය,clean_sentence,ක්‍රියාපද හා කර්තෘ,ක්‍රීඩා පිටියේදී ළමයා චිත්‍රය සෙල්ලම් කරයි.
දෛනික ජීවිතය,clean_sentence,ක්‍රියාපද හා කර්තෘ,ඊයේ පන්ති කාමරයේදී ළමයි සටහන ලියති.
විස්තර කිරීම,clean_sentence,නාමපද හා විශේෂණ,පාසල විශාලය.
දෛනික ජීවිතය,clean_sentence,ක්‍රියාපද හා කර්තෘ,අද නිවසේදී මිතුරා ගස ලියයි.
දෛනික ජීවිතය,clean_sentence,ක්‍රියාපද හා කර්තෘ,ක්‍රීඩා පිටියේදී මම කතා පොත ඉගෙන ගනිමි.
දෛනික ජීවිතය,clean_sentence,ක්‍රියාපද හා කර්තෘ,පුස්තකාලයේදී අපි චිත්‍රය සෙල්ලම් කරමු.
දෛනික ජීවිතය,clean_sentence,ක්‍රියාපද හා කර්තෘ,වත්තේදී මිතුරා චිත්‍රය සෙල්ලම් කරයි.
දෛනික ජීවිතය,clean_sentence,ක්‍රියාපද හා කර්තෘ,උදෑසන වත්තේදී ළමයා ගස රැකබලා ගනියි.
දෛනික ජීවිතය,clean_sentence,ක්‍රියාපද හා කර්තෘ,දහවල් පාසලේදී ළමයා පුවත්පත අඳියි.
දෛනික ජීවිතය,clean_sentence,ක්‍රියාපද හා කර්තෘ,ඊයේ වත්තේදී මම සටහන අඳිමි.
දෛනික ජීවිතය,clean_sentence,ක්‍රියාපද හා කර්තෘ,අද ක්‍රීඩා පිටියේදී මිතුරෝ සටහන කියවති.
දෛනික ජීවිතය,clean_sentence,ක්‍රියාපද හා කර්තෘ,සවස වත්තේදී අපි ගස සෙල්ලම් කරමු.
දෛනික ජීවිතය,clean_sentence,ක්‍රියාපද හා කර්තෘ,පන්ති කාමරයේදී අපි පාසල් පොත සෙල්ලම් කරමු.
දෛනික ජීවිතය,clean_sentence,ක්‍රියාපද හා කර්තෘ,පන්ති කාමරයේදී මිතුරෝ මල් පැළය සෙල්ලම් කරති.
දෛනික ජීවිතය,clean_sentence,ක්‍රියාපද හා කර්තෘ,දහවල් ක්‍රීඩා පිටියේදී මිතුරා සටහන උදව් කරයි.
දෛනික ජීවිතය,clean_sentence,ක්‍රියාපද හා කර්තෘ,පන්ති කාමරයේදී මම ලිපිය කියවමි.
දෛනික ජීවිතය,clean_sentence,ක්‍රියාපද හා කර්තෘ,නිවසේදී මිතුරෝ සටහන සෙල්ලම් කරති.
දෛනික ජීවිතය,clean_sentence,ක්‍රියාපද හා කර්තෘ,ඊයේ පුස්තකාලයේදී ළමයි පාසල් පොත ඉගෙන ගනිති.
දෛනික ජීවිතය,clean_sentence,ක්‍රියාපද හා කර්තෘ,අද වත්තේදී ළමයා කවිය රැකබලා ගනියි.
දෛනික ජීවිතය,clean_sentence,ක්‍රියාපද හා කර්තෘ,පුස්තකාලයේදී ළමයි පින්තූරය කියවති.
දෛනික ජීවිතය,clean_sentence,ක්‍රියාපද හා කර්තෘ,අද ක්‍රීඩා පිටියේදී අපි පාසල් පොත සෙල්ලම් කරමු.
දෛනික ජීවිතය,clean_sentence,ක්‍රියාපද හා කර්තෘ,සවස පන්ති කාමරයේදී මිතුරෝ ලිපිය උදව් කරති.
විස්තර කිරීම,clean_sentence,නාමපද හා විශේෂණ,මල් ඉතා ලස්සනය.
දෛනික ජීවිතය,clean_sentence,ක්‍රියාපද හා කර්තෘ,පාසලේදී අපි කවිය ලියමු.
දෛනික ජීවිතය,clean_sentence,ක්‍රියාපද හා කර්තෘ,ක්‍රීඩා පිටියේදී අපි මල් පැළය කියවමු.
දෛනික ජීවිතය,clean_sentence,ක්‍රියාපද හා කර්තෘ,ඊයේ ක්‍රීඩා පිටියේදී මිතුරෝ කතා පොත ලියති.
දෛනික ජීවිතය,clean_sentence,ක්‍රියාපද හා කර්තෘ,වත්තේදී මම ගස කියවමි.
දෛනික ජීවිතය,clean_sentence,ක්‍රියාපද හා කර්තෘ,නිවසේදී මිතුරා සටහන ඉගෙන ගනියි.
දෛනික ජීවිතය,clean_sentence,ක්‍රියාපද හා කර්තෘ,පුස්තකාලයේදී මිතුරෝ මල් පැළය ඉගෙන ගනිති.
දෛනික ජීවිතය,clean_sentence,ක්‍රියාපද හා කර්තෘ,පන්ති කාමරයේදී මිතුරා පින්තූරය ලියයි.
දෛනික ජීවිතය,clean_sentence,ක්‍රියාපද හා කර්තෘ,අද නිවසේදී මම මල් පැළය ලියමි.
දෛනික ජීවිතය,clean_sentence,ක්‍රියාපද හා කර්තෘ,වත්තේදී අපි ලිපිය සෙල්ලම් කරමු.
දෛනික ජීවිතය,clean_sentence,ක්‍රියාපද හා කර්තෘ,ඊයේ වත්තේදී ළමයි කවිය රැකබලා ගනිති.
දෛනික ජීවිතය,clean_sentence,ක්‍රියාපද හා කර්තෘ,නිවසේදී ළමයා කතා පොත අඳියි.
දෛනික ජීවිතය,clean_sentence,ක්‍රියාපද හා කර්තෘ,ඊයේ ක්‍රීඩා පිටියේදී මිතුරා ගස උදව් කරයි.
දෛනික ජීවිතය,clean_sentence,ක්‍රියාපද හා කර්තෘ,උදෑසන නිවසේදී මිතුරා චිත්‍රය අඳියි.
විස්තර කිරීම,clean_sentence,නාමපද හා විශේෂණ,පන්ති කාමරය කුඩාය.
දෛනික ජීවිතය,clean_sentence,ක්‍රියාපද හා කර්තෘ,ඊයේ පන්ති කාමරයේදී අපි චිත්‍රය ලියමු.
දෛනික ජීවිතය,clean_sentence,ක්‍රියාපද හා කර්තෘ,නිවසේදී මිතුරෝ ගස කියවති.
දෛනික ජීවිතය,clean_sentence,ක්‍රියාපද හා කර්තෘ,ක්‍රීඩා පිටියේදී අපි චිත්‍රය රැකබලා ගනිමු.
දෛනික ජීවිතය,clean_sentence,ක්‍රියාපද හා කර්තෘ,අද නිවසේදී ළමයා සටහන කියවයි.
දෛනික ජීවිතය,clean_sentence,ක්‍රියාපද හා කර්තෘ,ක්‍රීඩා පිටියේදී ළමයා කතා පොත සෙල්ලම් කරයි.
දෛනික ජීවිතය,clean_sentence,ක්‍රියාපද හා කර්තෘ,නිවසේදී මිතුරෝ පුවත්පත අඳිති.
දෛනික ජීවිතය,clean_sentence,ක්‍රියාපද හා කර්තෘ,වත්තේදී ළමයි පුවත්පත ඉගෙන ගනිති.
වාක්‍ය සම්බන්ධ කිරීම,clean_sentence,සම්බන්ධක පද,මම පාඩම් කරමි සහ පසුව සෙල්ලම් කරමි.
දෛනික ජීවිතය,clean_sentence,ක්‍රියාපද හා කර්තෘ,සවස පන්ති කාමරයේදී ළමයි සටහන කියවති.
දෛනික ජීවිතය,clean_sentence,ක්‍රියාපද හා කර්තෘ,වත්තේදී ළමයා පින්තූරය සෙල්ලම් කරයි.
දෛනික ජීවිතය,clean_sentence,ක්‍රියාපද හා කර්තෘ,පන්ති කාමරයේදී මිතුරෝ චිත්‍රය ඉගෙන ගනිති.
දෛනික ජීවිතය,clean_sentence,ක්‍රියාපද හා කර්තෘ,වත්තේදී මිතුරා චිත්‍රය ලියයි.
දෛනික ජීවිතය,clean_sentence,ක්‍රියාපද හා කර්තෘ,සවස පුස්තකාලයේදී අපි චිත්‍රය කියවමු.
දෛනික ජීවිතය,clean_sentence,ක්‍රියාපද හා කර්තෘ,උදෑසන පන්ති කාමරයේදී මිතුරෝ කතා පොත සෙල්ලම් කරති.
දෛනික ජීවිතය,clean_sentence,ක්‍රියාපද හා කර්තෘ,සවස පුස්තකාලයේදී අපි චිත්‍රය අඳිමු.
දෛනික ජීවිතය,clean_sentence,ක්‍රියාපද හා කර්තෘ,පුස්තකාලයේදී මිතුරා පින්තූරය ඉගෙන ගනියි.
දෛනික ජීවිතය,clean_sentence,ක්‍රියාපද හා කර්තෘ,ඊයේ නිවසේදී අපි කතා පොත රැකබලා ගනිමු.
දෛනික ජීවිතය,clean_sentence,ක්‍රියාපද හා කර්තෘ,ඊයේ නිවසේදී ළමයා සටහන ලියයි.
දෛනික ජීවිතය,clean_sentence,ක්‍රියාපද හා කර්තෘ,අද පුස්තකාලයේදී ළමයි සටහන කියවති.
දෛනික ජීවිතය,clean_sentence,ක්‍රියාපද හා කර්තෘ,වත්තේදී ළමයා ලිපිය අඳියි.
දෛනික ජීවිතය,clean_sentence,ක්‍රියාපද හා කර්තෘ,පාසලේදී මිතුරෝ මල් පැළය උදව් කරති.
දෛනික ජීවිතය,clean_sentence,ක්‍රියාපද හා කර්තෘ,නිවසේදී ළමයා චිත්‍රය ඉගෙන ගනියි.
දෛනික ජීවිතය,clean_sentence,ක්‍රියාපද හා කර්තෘ,ඊයේ පුස්තකාලයේදී මම පාසල් පොත ලියමි.
දෛනික ජීවිතය,clean_sentence,ක්‍රියාපද හා කර්තෘ,සවස පන්ති කාමරයේදී මිතුරෝ චිත්‍රය අඳිති.
දෛනික ජීවිතය,clean_sentence,ක්‍රියාපද හා කර්තෘ,සවස නිවසේදී අපි පුවත්පත කියවමු.
දෛනික ජීවිතය,clean_sentence,ක්‍රියාපද හා කර්තෘ,හෙට වත්තේදී ළමයා ලිපිය රැකබලා ගනියි.
දෛනික ජීවිතය,clean_sentence,ක්‍රියාපද හා කර්තෘ,වත්තේදී මිතුරා චිත්‍රය ඉගෙන ගනියි.
දෛනික ජීවිතය,clean_sentence,ක්‍රියාපද හා කර්තෘ,ඊයේ පුස්තකාලයේදී අපි ගස ඉගෙන ගනිමු.
දෛනික ජීවිතය,clean_sentence,ක්‍රියාපද හා කර්තෘ,අද ක්‍රීඩා පිටියේදී මිතුරා පින්තූරය කියවයි.
දෛනික ජීවිතය,clean_sentence,ක්‍රියාපද හා කර්තෘ,පාසලේදී අපි චිත්‍රය සෙල්ලම් කරමු.
දෛනික ජීවිතය,clean_sentence,ක්‍රියාපද හා කර්තෘ,ක්‍රීඩා පිටියේදී ළමයා ලිපිය රැකබලා ගනියි.
දෛනික ජීවිතය,clean_sentence,ක්‍රියාපද හා කර්තෘ,සවස පුස්තකාලයේදී මම පුවත්පත සෙල්ලම් කරමි.
දෛනික ජීවිතය,clean_sentence,ක්‍රියාපද හා කර්තෘ,සවස පන්ති කාමරයේදී මිතුරා කවිය ඉගෙන ගනියි.
දෛනික ජීවිතය,clean_sentence,ක්‍රියාපද හා කර්තෘ,දහවල් ක්‍රීඩා පිටියේදී මම ලිපිය ලියමි.
දෛනික ජීවිතය,clean_sentence,ක්‍රියාපද හා කර්තෘ,දහවල් පන්ති කාමරයේදී අපි සටහන රැකබලා ගනිමු.
දෛනික ජීවිතය,clean_sentence,ක්‍රියාපද හා කර්තෘ,හෙට පුස්තකාලයේදී ළමයා සටහන ඉගෙන ගනියි.
දෛනික ජීවිතය,clean_sentence,ක්‍රියාපද හා කර්තෘ,සවස ක්‍රීඩා පිටියේදී ළමයි පින්තූරය අඳිති.
වාක්‍ය සම්බන්ධ කිරීම,clean_sentence,සම්බන්ධක පද,අපි පුස්තකාලයට ගියෙමු නමුත් පොත් කිහිපයක් කියවූවෙමු.
දෛනික ජීවිතය,clean_sentence,ක්‍රියාපද හා කර්තෘ,පාසලේදී ළමයි කතා පොත ඉගෙන ගනිති.
දෛනික ජීවිතය,clean_sentence,ක්‍රියාපද හා කර්තෘ,අද ක්‍රීඩා පිටියේදී ළමයි පුවත්පත ලියති.
දෛනික ජීවිතය,clean_sentence,ක්‍රියාපද හා කර්තෘ,වත්තේදී මිතුරා ලිපිය ඉගෙන ගනියි.
දෛනික ජීවිතය,clean_sentence,ක්‍රියාපද හා කර්තෘ,උදෑසන ක්‍රීඩා පිටියේදී අපි සටහන අඳිමු.
දෛනික ජීවිතය,clean_sentence,ක්‍රියාපද හා කර්තෘ,පුස්තකාලයේදී මිතුරා කතා පොත ලියයි.
දෛනික ජීවිතය,clean_sentence,ක්‍රියාපද හා කර්තෘ,හෙට නිවසේදී ළමයි ලිපිය රැකබලා ගනිති.
දෛනික ජීවිතය,clean_sentence,ක්‍රියාපද හා කර්තෘ,ක්‍රීඩා පිටියේදී මිතුරා ලිපිය අඳියි.
දෛනික ජීවිතය,clean_sentence,ක්‍රියාපද හා කර්තෘ,නිවසේදී අපි මල් පැළය ලියමු.
දෛනික ජීවිතය,clean_sentence,ක්‍රියාපද හා කර්තෘ,පුස්තකාලයේදී මිතුරා ගස ඉගෙන ගනියි.
දෛනික ජීවිතය,clean_sentence,ක්‍රියාපද හා කර්තෘ,පන්ති කාමරයේදී මිතුරෝ සටහන කියවති.
දෛනික ජීවිතය,clean_sentence,ක්‍රියාපද හා කර්තෘ,නිවසේදී අපි මල් පැළය සෙල්ලම් කරමු.
දෛනික ජීවිතය,clean_sentence,ක්‍රියාපද හා කර්තෘ,නිවසේදී මිතුරා චිත්‍රය උදව් කරයි.
දෛනික ජීවිතය,clean_sentence,ක්‍රියාපද හා කර්තෘ,උදෑසන පාසලේදී මිතුරා ගස උදව් කරයි.
දෛනික ජීවිතය,clean_sentence,ක්‍රියාපද හා කර්තෘ,සවස වත්තේදී මම ලිපිය ලියමි.
දෛනික ජීවිතය,clean_sentence,ක්‍රියාපද හා කර්තෘ,සවස පන්ති කාමරයේදී මිතුරෝ සටහන උදව් කරති.
දෛනික ජීවිතය,clean_sentence,ක්‍රියාපද හා කර්තෘ,දහවල් පාසලේදී මම පාසල් පොත ඉගෙන ගනිමි.
දෛනික ජීවිතය,clean_sentence,ක්‍රියාපද හා කර්තෘ,ඊයේ පාසලේදී අපි පාසල් පොත රැකබලා ගනිමු.
දෛනික ජීවිතය,clean_sentence,ක්‍රියාපද හා කර්තෘ,උදෑසන වත්තේදී අපි සටහන කියවමු.
දෛනික ජීවිතය,clean_sentence,ක්‍රියාපද හා කර්තෘ,දහවල් නිවසේදී අපි චිත්‍රය ඉගෙන ගනිමු.
දෛනික ජීවිතය,clean_sentence,ක්‍රියාපද හා කර්තෘ,වත්තේදී අපි පුවත්පත ඉගෙන ගනිමු.
දෛනික ජීවිතය,clean_sentence,ක්‍රියාපද හා කර්තෘ,අද වත්තේදී මිතුරෝ ලිපිය අඳිති.
විස්තර කිරීම,clean_sentence,නාමපද හා විශේෂණ,පන්ති කාමරය ඉතා ලස්සනය.
දෛනික ජීවිතය,clean_sentence,ක්‍රියාපද හා කර්තෘ,ඊයේ ක්‍රීඩා පිටියේදී ළමයා සටහන අඳියි.
දෛනික ජීවිතය,clean_sentence,ක්‍රියාපද හා කර්තෘ,උදෑසන පන්ති කාමරයේදී අපි පින්තූරය ඉගෙන ගනිමු.
දෛනික ජීවිතය,clean_sentence,ක්‍රියාපද හා කර්තෘ,සවස ක්‍රීඩා පිටියේදී ළමයි චිත්‍රය අඳිති.
දෛනික ජීවිතය,clean_sentence,ක්‍රියාපද හා කර්තෘ,පාසලේදී ළමයා චිත්‍රය සෙල්ලම් කරයි.
දෛනික ජීවිතය,clean_sentence,ක්‍රියාපද හා කර්තෘ,පුස්තකාලයේදී මිතුරා පින්තූරය කියවයි.
දෛනික ජීවිතය,clean_sentence,ක්‍රියාපද හා කර්තෘ,පාසලේදී ළමයා කතා පොත කියවයි.
දෛනික ජීවිතය,clean_sentence,ක්‍රියාපද හා කර්තෘ,පුස්තකාලයේදී අපි කවිය කියවමු.
දෛනික ජීවිතය,clean_sentence,ක්‍රියාපද හා කර්තෘ,පන්ති කාමරයේදී ළමයි කවිය ලියති.
දෛනික ජීවිතය,clean_sentence,ක්‍රියාපද හා කර්තෘ,උදෑසන පන්ති කාමරයේදී ළමයා කවිය කියවයි.
දෛනික ජීවිතය,clean_sentence,ක්‍රියාපද හා කර්තෘ,දහවල් වත්තේදී මිතුරෝ ගස අඳිති.
දෛනික ජීවිතය,clean_sentence,ක්‍රියාපද හා කර්තෘ,වත්තේදී මිතුරෝ ගස උදව් කරති.
දෛනික ජීවිතය,clean_sentence,ක්‍රියාපද හා කර්තෘ,හෙට පුස්තකාලයේදී ළමයා සටහන සෙල්ලම් කරයි.
දෛනික ජීවිතය,clean_sentence,ක්‍රියාපද හා කර්තෘ,අද පන්ති කාමරයේදී අපි චිත්‍රය ඉගෙන ගනිමු.
දෛනික ජීවිතය,clean_sentence,ක්‍රියාපද හා කර්තෘ,ඊයේ වත්තේදී මම ගස අඳිමි.
දෛනික ජීවිතය,clean_sentence,ක්‍රියාපද හා කර්තෘ,හෙට පාසලේදී ළමයි සටහන රැකබලා ගනිති.
විස්තර කිරීම,clean_sentence,නාමපද හා විශේෂණ,ගඟ සිත්ගන්නාසුලුය.
දෛනික ජීවිතය,clean_sentence,ක්‍රියාපද හා කර්තෘ,හෙට පුස්තකාලයේදී ළමයා කවිය ඉගෙන ගනියි.
දෛනික ජීවිතය,clean_sentence,ක්‍රියාපද හා කර්තෘ,ඊයේ පුස්තකාලයේදී ළමයි කවිය අඳිති.
දෛනික ජීවිතය,clean_sentence,ක්‍රියාපද හා කර්තෘ,උදෑසන පුස්තකාලයේදී ළමයි ගස ලියති.
දෛනික ජීවිතය,clean_sentence,ක්‍රියාපද හා කර්තෘ,පන්ති කාමරයේදී අපි පින්තූරය සෙල්ලම් කරමු.
දෛනික ජීවිතය,clean_sentence,ක්‍රියාපද හා කර්තෘ,වත්තේදී මිතුරා ගස කියවයි.
දෛනික ජීවිතය,clean_sentence,ක්‍රියාපද හා කර්තෘ,උදෑසන වත්තේදී ළමයා කතා පොත කියවයි.
දෛනික ජීවිතය,clean_sentence,ක්‍රියාපද හා කර්තෘ,උදෑසන පාසලේදී මිතුරා චිත්‍රය කියවයි.
දෛනික ජීවිතය,clean_sentence,ක්‍රියාපද හා කර්තෘ,අද පුස්තකාලයේදී මිතුරෝ කවිය කියවති.
දෛනික ජීවිතය,clean_sentence,ක්‍රියාපද හා කර්තෘ,පාසලේදී මම පාසල් පොත කියවමි.
දෛනික ජීවිතය,clean_sentence,ක්‍රියාපද හා කර්තෘ,දහවල් පුස්තකාලයේදී මිතුරෝ පුවත්පත කියවති.
දෛනික ජීවිතය,clean_sentence,ක්‍රියාපද හා කර්තෘ,හෙට වත්තේදී අපි පින්තූරය ඉගෙන ගනිමු.
දෛනික ජීවිතය,clean_sentence,ක්‍රියාපද හා කර්තෘ,පුස්තකාලයේදී ළමයි පුවත්පත සෙල්ලම් කරති.
දෛනික ජීවිතය,clean_sentence,ක්‍රියාපද හා කර්තෘ,පන්ති කාමරයේදී මිතුරෝ ලිපිය ලියති.
විස්තර කිරීම,clean_sentence,නාමපද හා විශේෂණ,පන්ති කාමරය විශාලය.
දෛනික ජීවිතය,clean_sentence,ක්‍රියාපද හා කර්තෘ,පාසලේදී මිතුරෝ පුවත්පත සෙල්ලම් කරති.
දෛනික ජීවිතය,clean_sentence,ක්‍රියාපද හා කර්තෘ,සවස වත්තේදී ළමයා කතා පොත රැකබලා ගනියි.
දෛනික ජීවිතය,clean_sentence,ක්‍රියාපද හා කර්තෘ,වත්තේදී මිතුරෝ පාසල් පොත කියවති.
දෛනික ජීවිතය,clean_sentence,ක්‍රියාපද හා කර්තෘ,පුස්තකාලයේදී මිතුරෝ පුවත්පත ලියති.
දෛනික ජීවිතය,clean_sentence,ක්‍රියාපද හා කර්තෘ,පන්ති කාමරයේදී අපි කවිය ලියමු.
දෛනික ජීවිතය,clean_sentence,ක්‍රියාපද හා කර්තෘ,පුස්තකාලයේදී අපි කතා පොත කියවමු.
දෛනික ජීවිතය,clean_sentence,ක්‍රියාපද හා කර්තෘ,හෙට පන්ති කාමරයේදී මිතුරා කතා පොත ලියයි.
දෛනික ජීවිතය,clean_sentence,ක්‍රියාපද හා කර්තෘ,අද නිවසේදී ළමයි කතා පොත කියවති.
දෛනික ජීවිතය,clean_sentence,ක්‍රියාපද හා කර්තෘ,ක්‍රීඩා පිටියේදී ළමයා කතා පොත ලියයි.
දෛනික ජීවිතය,clean_sentence,ක්‍රියාපද හා කර්තෘ,පාසලේදී මිතුරා සටහන කියවයි.
දෛනික ජීවිතය,clean_sentence,ක්‍රියාපද හා කර්තෘ,දහවල් පන්ති කාමරයේදී මිතුරා කතා පොත සෙල්ලම් කරයි.
දෛනික ජීවිතය,clean_sentence,ක්‍රියාපද හා කර්තෘ,උදෑසන වත්තේදී ළමයා පින්තූරය ඉගෙන ගනියි.
දෛනික ජීවිතය,clean_sentence,ක්‍රියාපද හා කර්තෘ,පන්ති කාමරයේදී මම කවිය ලියමි.
දෛනික ජීවිතය,clean_sentence,ක්‍රියාපද හා කර්තෘ,දහවල් නිවසේදී මිතුරෝ සටහන ලියති.
දෛනික ජීවිතය,clean_sentence,ක්‍රියාපද හා කර්තෘ,ක්‍රීඩා පිටියේදී මම සටහන අඳිමි.
දෛනික ජීවිතය,clean_sentence,ක්‍රියාපද හා කර්තෘ,සවස පන්ති කාමරයේදී ළමයා මල් පැළය අඳියි.
දෛනික ජීවිතය,clean_sentence,ක්‍රියාපද හා කර්තෘ,පුස්තකාලයේදී මිතුරා ලිපිය ඉගෙන ගනියි.
දෛනික ජීවිතය,clean_sentence,ක්‍රියාපද හා කර්තෘ,ක්‍රීඩා පිටියේදී අපි ගස අඳිමු.
දෛනික ජීවිතය,clean_sentence,ක්‍රියාපද හා කර්තෘ,සවස නිවසේදී ළමයා චිත්‍රය කියවයි.
දෛනික ජීවිතය,clean_sentence,ක්‍රියාපද හා කර්තෘ,පන්ති කාමරයේදී අපි කතා පොත අඳිමු.
දෛනික ජීවිතය,clean_sentence,ක්‍රියාපද හා කර්තෘ,උදෑසන වත්තේදී මම පුවත්පත ඉගෙන ගනිමි.
දෛනික ජීවිතය,clean_sentence,ක්‍රියාපද හා කර්තෘ,අද පාසලේදී ළමයි කවිය කියවති.
විස්තර කිරීම,clean_sentence,නාමපද හා විශේෂණ,පොත පිරිසිදුව තිබේ.
දෛනික ජීවිතය,clean_sentence,ක්‍රියාපද හා කර්තෘ,ක්‍රීඩා පිටියේදී ළමයි පාසල් පොත අඳිති.
දෛනික ජීවිතය,clean_sentence,ක්‍රියාපද හා කර්තෘ,උදෑසන නිවසේදී ළමයි චිත්‍රය ලියති.
වාක්‍ය සම්බන්ධ කිරීම,clean_sentence,සම්බන්ධක පද,ගුරුවරිය පැහැදිලි කළාය නමුත් සිසුහු සවන් දුන්හ.
දෛනික ජීවිතය,clean_sentence,ක්‍රියාපද හා කර්තෘ,දහවල් පාසලේදී අපි පාසල් පොත සෙල්ලම් කරමු.
දෛනික ජීවිතය,clean_sentence,ක්‍රියාපද හා කර්තෘ,පාසලේදී අපි මල් පැළය ලියමු.
දෛනික ජීවිතය,clean_sentence,ක්‍රියාපද හා කර්තෘ,නිවසේදී මිතුරා කවිය ලියයි.
දෛනික ජීවිතය,clean_sentence,ක්‍රියාපද හා කර්තෘ,ක්‍රීඩා පිටියේදී මිතුරා කතා පොත සෙල්ලම් කරයි.
දෛනික ජීවිතය,clean_sentence,ක්‍රියාපද හා කර්තෘ,උදෑසන පාසලේදී මිතුරෝ පාසල් පොත ඉගෙන ගනිති.
දෛනික ජීවිතය,clean_sentence,ක්‍රියාපද හා කර්තෘ,පන්ති කාමරයේදී මම කතා පොත රැකබලා ගනිමි.
දෛනික ජීවිතය,clean_sentence,ක්‍රියාපද හා කර්තෘ,පාසලේදී අපි ගස අඳිමු.
වාක්‍ය සම්බන්ධ කිරීම,clean_sentence,සම්බන්ධක පද,වැසි වැටුණි නමුත් වත්ත නැවුම් විය.
දෛනික ජීවිතය,clean_sentence,ක්‍රියාපද හා කර්තෘ,පාසලේදී මිතුරා ලිපිය ඉගෙන ගනියි.
දෛනික ජීවිතය,clean_sentence,ක්‍රියාපද හා කර්තෘ,පන්ති කාමරයේදී අපි කතා පොත සෙල්ලම් කරමු.
දෛනික ජීවිතය,clean_sentence,ක්‍රියාපද හා කර්තෘ,දහවල් පන්ති කාමරයේදී මිතුරෝ ලිපිය අඳිති.
දෛනික ජීවිතය,clean_sentence,ක්‍රියාපද හා කර්තෘ,අද නිවසේදී මිතුරෝ පින්තූරය අඳිති.
