what students written,remarks,ground_truth
උපදෙස් කියවා ප්‍රතිචාර දක්වමු,Punctuation,උපදෙස් කියවා ප්‍රතිචාර දක්වමු.
පහත සඳහන් වාක්‍යවලට සුදුසු විරාම,correct,පහත සඳහන් වාක්‍යවලට සුදුසු විරාම
ලකුනු යොදා වාක්‍ය නැවත ලියන්න,Retroflex,ලකුණු යොදා වාක්‍ය නැවත ලියන්න.
. මම පාසල් යමි,Punctuation,මම පාසල් යමි.
පුතේ මෙහාට එන්න යැයි,Punctuation,"""පුතේ මෙහාට එන්න"" යැයි,"
"යම් අවස්ථාවක්, සිද්ධියක් දෙස බලා සිට",Punctuation,"යම් අවස්ථාවක්, සිද්ධියක් දෙස බලා සිට,"
පිළිබඳ ව විස්තර කර දීම විස්තර කථන,Punctuation,"පිළිබඳව විස්තර කර දීම, විස්තර කථන"
"උදා: ක්‍රිකට්, ෆුට්බෝල් වැනි ක්‍රීඩා පැවැත්වෙන",correct,"උදා: ක්‍රිකට්, ෆුට්බෝල් වැනි ක්‍රීඩා පැවැත්වෙන"
* පාසලේ පැවැත්වෙන ක්‍රීඩා උත්සවයක්,correct,* පාසලේ පැවැත්වෙන ක්‍රීඩා උත්සවයක්
* ගොඩනැගිල්ලක් විවෘත කිරීමක්,correct,* ගොඩනැගිල්ලක් විවෘත කිරීම
* පොළක,Vowel/diacritic,* පොළක්
* පෙරහැරක් . . . .ආද,Vowel/diacritic,* පෙරහැරක්... ආදී
1 පරිප්පු,correct,1 පරිප්පු
2 සාක්කුව,correct,2 සාක්කුව
3 ආභරණ,correct,3 ආභරණ
4 අරුතිනි,correct,4 අරුතිනි
5 අනුසාරයෙනි,correct,5 අනුසාරයෙනි
6 දකුණු පළාත්,correct,6 දකුණු පළාත්
7 පියාසර,correct,7 පියාසර
8 අවුළුවන්ට,correct,8 අවුළුවන්ට
9 ව්‍යහාරයේ,correct,9 ව්‍යවහාරයේ
10 අවස්ථා,correct,10 අවස්ථා
නෙළුම් මල් - සියපත්,correct,නෙළුම් මල් - සියපත්
නෙළුම් මල් - සියපත්,correct,නෙළුම් මල් - සියපත්
පැමිණීම - නොපැමිණීම,correct,පැමිණීම - නොපැමිණීම
අවශ්‍ය - අනවශ්‍ය,correct,අවශ්‍ය - අනවශ්‍ය
පුහුණු - නුපුහුණු,correct,පුහුණු - නුපුහුණු
නිවැරදි - වැරදි,correct,නිවැරදි - වැරදි
අලුත් - පරණ,correct,අලුත් - පරණ
ඇඟ බේරගන්න - වගකීමෙන් බේරීම.,correct,ඇඟ බේරගන්න - වගකීමෙන් බේරීම.
හීන් දාඩිය දැම්මා - දැඩි සේ බියට පත් වීම.,correct,හීන් දාඩිය දැම්මා - දැඩි සේ බියට පත් වීම.
අහස් මාලිග - ඉටු නොවන සිහින මැවීම .,correct,අහස් මාලිග - ඉටු නොවන සිහින මැවීම.
අබමල් රේණුවක් - ඉතාම කුඩා ප්‍රමාණ්‍යක් .,correct,අබමල් රේණුවක් - ඉතාම කුඩා ප්‍රමාණයක්.
මුරුංගා අත්තේ තියනවා - රවටනු පිණිස,correct,මුරුංගා අත්තේ තියනවා - රවටනු පිණිස
කර උස්සා අප දෙස බලා සිටින මිනිසුන් මෙන්,correct,කර උස්සා අප දෙස බලා සිටින මිනිසුන් මෙන්
හෙලිකොප්ටර් යානා පරිද්දෙනි .,correct,හෙලිකොප්ටර් යානා පරිද්දෙනි.
ගඟ දෙපස සිටින මුරකරුවන් වැන්න.,correct,ගඟ දෙපස සිටින මුරකරුවන් වැන්න.
ගඟ හා රහස් කොඳුරන ලෙසිනි .,correct,ගඟ හා රහස් කොඳුරන ලෙසිනි.
අඬු විහිඳාගත් දැවැන්ත සතෙකු මෙනි.,correct,අඬු විහිඳාගත් දැවැන්ත සතෙකු මෙනි.
විස්තර කථන,correct,විස්තර කථන
"යම් අවස්ථාවක්, සිද්ධියක් දෙස බලා සිට ඒ",correct,"යම් අවස්ථාවක්, සිද්ධියක් දෙස බලා සිට ඒ"
පිළිබඳ විස්තර කර දීම විස්තර කථනයක්,correct,පිළිබඳවිස්තර කර දීම විස්තර කථනයක්
ලෙසින් හඳුන්වයි .,correct,ලෙසින් හඳුන්වයි.
"උදා:- ක්‍රිකට්, ෆුට්බෝල් වැනි ක්‍රීඩා පැවැත්වෙ",Vowel/diacritic,"උදා: - ක්‍රිකට්, ෆුට්බෝල් වැනි ක්‍රීඩා පැවැත්වේ."
පාසලේ පැවැත්වෙන ක්‍රීඩා උත්සවයක්,correct,පාසලේ පැවැත්වෙන ක්‍රීඩා උත්සවයක්
ගොඩනැගිල්ලක් විවෘත කිරීමක්,correct,ගොඩනැගිල්ලක් විවෘත කිරීම
පොළක්,correct,පොළක්
පෙරහැරක . . . .,Vowel/diacritic,පෙරහැරක්...
කර උස්සා අප දෙස බලා සිටින මිනිසුන් මෙනි,correct,කර උස්සා අප දෙස බලා සිටින මිනිසුන් මෙනි
හෙලිකොප්ටර් යානා පරිද්දෙනි .,correct,හෙලිකොප්ටර් යානා පරිද්දෙනි.
ගඟ දෙපස සිටින මුරකරුවන් වැන්න,Punctuation,ගඟ දෙපස සිටින මුරකරුවන් වැන්න.
අඩු විහිඳාගත් දැවැන්ත සතෙක මෙනි.,correct,අඬු විහිඳාගත් දැවැන්ත සතෙකු මෙනි.
පරවියා,correct,පරවියා
ගොළුබෙල්ලා,correct,ගොළුබෙල්ලා
ගෝරිල්ලා,correct,ගෝරිල්ලා
අලියා,correct,අලියා
ජිරාෆ්,correct,ජිරාෆ්
අශ්වයා,correct,අශ්වයා
කුකුළා,correct,කුකුළා
මීයා,correct,මීයා
වවුලා,correct,වවුලා
පබළු ඇට,correct,පබළු ඇට
හැරමිටිය,correct,හැරමිටිය
කෝටුවක්,correct,කෝටුවක්
මල්,correct,මල්
මාලෙ,Vowel/diacritic,මාලේ
පෙට්ටිය,correct,පෙට්ටිය
වෙස්මුහුණු,Word boundary,වෙස් මුහුණු
කරත්තය,correct,කරත්තය
කබාය,correct,කබාය
පොත්,correct,පොත්
සමානාර්ථ පද ලිවීමේ දී,correct,සමානාර්ථ පද ලිවීමේ දී
ඒක වචන බහු වචන බේදය,Retroflex,ඒක වචන බහු වචන භේදය
ගැන සැලකිලිමත් විය යුතුය .,correct,ගැන සැලකිලිමත් විය යුතුය.
ලෙස හඳුන්වයි .,correct,ලෙස හඳුන්වයි.
දෙන විවිධ පද  සමානාර්ථ පද,correct,දෙන විවිධ පද සමානාර්ථ පද
කියන්නේ නම් එකම අදහස,correct,කියන්නේ නම් එකම අදහස
මේවා වෙනත් ආකාරයකින්,correct,මේවා වෙනත් ආකාරයකින්
යුතුය .,correct,යුතුය.
විරුද්ධාර්ථ පද,correct,විරුද්ධාර්ථ පද
අර්ථයෙන්  විරුද්ධ අදහස දෙන,correct,අර්ථයෙන් විරුද්ධ අදහස දෙන
පද විරුද්ධ පද ලෙස හඳුන්වයි .,correct,පද විරුද්ධ පද ලෙස හඳුන්වයි.
විරුද්ධාර්ථ  පද ලිවීමේ දී පද,correct,විරුද්ධාර්ථ පද ලිවීමේ දී පද
දෙක අතර කෙටි ඉර යෙදිය,correct,දෙක අතර කෙටි ඉර යෙදිය
යුතුය,Punctuation,යුතුය.
කෙනෙක් කියන ලද දෙයකට,correct,කෙනෙක් කියන ලද දෙයකට
ගැනීමේදී යුගල උඩු කොමාව,correct,ගැනීමේදී යුගල උඩු කොමාව
සහ යමකින් උපුටා,correct,සහ යමකින් උපුටා
යොදනු ලැබෙයි.,Vowel/diacritic,යොදනු ලැබෙයි.
උපන් දිනය - 2017.2.24,correct,උපන් දිනය - 2017.2.24
පාසලේ නම - බප/හෝ/ ශ්‍රී පරාක්‍රම මහා විද්‍යාලය,correct,පාසලේ නම - බප/හෝ/ ශ්‍රී පරාක්‍රම මහා විද්‍යාලය
නම - ටෙහාරා මෙත්නා,correct,නම - ටෙහාරා මෙත්නා
මුලකුරු සමඟ නම- ඩ්බ්ලිව්. ඒ. ටෙහාරා මෙත්නා,correct,මුලකුරු සමඟ නම- ඩ්බ්ලිව්. ඒ. ටෙහාරා මෙත්නා
සම්පූර්ණ නම - වීරසූරිය ආරච්චිගේ ටෙහාරා මෙත්නා,correct,සම්පූර්ණ නම - වීරසූරිය ආරච්චිගේ ටෙහාරා මෙත්නා
"ලිපිනය - 23/ 1111, හබරකඩ, හෝමාගම",correct,"ලිපිනය - 23/ 1111, හබරකඩ, හෝමාගම"
උපන් දිනය 2017.2.24,correct,උපන් දිනය 2017.2.24
පාසලේ නම - බප/හෝ/ ශ්‍රී පරාක්‍රම මහා විද්‍යාලය,correct,පාසලේ නම - බප/හෝ/ ශ්‍රී පරාක්‍රම මහා විද්‍යාලය
පහත ප්‍රස්ථා පිරුළුවල තේරුම ලියන්න,Punctuation,පහත ප්‍රස්ථා පිරුළුවල තේරුම ලියන්න.
ඉබ්බාගෙන් පිහාටු ඉල්ලනවා වගේ,Punctuation,ඉබ්බාගෙන් පිහාටු ඉල්ලනවා වගේ.
කෙනෙකුගෙන් කිසේවත් ලබා ගත නොහැකි දෙයක් ලබා ගැනීමට,Word boundary,කෙනෙකුගෙන් කිසේ වත් ලබා ගත නොහැකි දෙයක් ලබා ගැනීමට
කෙනෙකුගෙන් කිසේවත් ලබා ගත නොහැකි දෙයක් ලබා ගැනීමට,Vowel/diacritic,කෙනෙකුගෙන් කෙසේ වත් ලබා ගත නොහැකි දෙයක් ලබා ගැනීමට
උත්සාහ දැරීම,correct,උත්සාහ දැරීම
පරංගියා කෝට්ටේ ගියා වගේ,Punctuation,පරංගියා කෝට්ටේ ගියා වගේ.
කිට්ටු පාරක් තිබියදි දුර පාරකින් යාම,Punctuation,කිට්ටු පාරක් තිබියදි දුර පාරකින් යාම.
වල විශේෂත්වයයි,Punctuation,වල විශේෂත්වයයි.
මේවා භාවිතය නිසා ලියන දේ වඩා අලංකාර වේ,Punctuation,මේවා භාවිතය නිසා ලියන දේ වඩා අලංකාර වේ.
යුගල පද ලිවීමේදී පද දෙක වෙන් කර ලිවිය යුතුය,correct,යුගල පද ලිවීමේදී පද දෙක වෙන් කර ලිවිය යුතුය
අයියා සවසට පන්තියට ගොස්,Punctuation,"අයියා සවසට පන්තියට ගොස්,"
එයි,Punctuation,එයි.
ගොවියා වනසතුන්ගෙන් ගොවිතැන,correct,ගොවියා වනසතුන්ගෙන් ගොවිතැන
ආරක්ෂා කර ගනියි,Punctuation,ආරක්ෂා කර ගනියි.
යහළුවා තෑගි බෝග ගෙන,correct,යහළුවා තෑගි බෝග ගෙන
පාසලට පැමිණෙයි.,correct,පාසලට පැමිණෙයි.
මහප්පා ගමේ සිට එන විට අපට,correct,මහප්පා ගමේ සිට එන විට අපට
ටොෆි ගෙනෙයි.,correct,ටොෆි ගෙනෙයි.
හිරුෂ පාසලේ ප්‍රධාන ගිෂ්‍ය,correct,හිරුෂ පාසලේ ප්‍රධාන ගිෂ්‍ය
නායකයා වෙයි,Punctuation,නායකයා වෙයි.
නම - දැහැමි දෙව්සරී මීපාගල,correct,නම - දැහැමි දෙව්සරී මීපාගල
සම්පූර්ණ නම - දැහැමි දෙව්සරී,correct,සම්පූර්ණ නම - දැහැමි දෙව්සරී
මීපාගල,correct,මීපාගල
මුලකුරු සමඟ නම - එම්. දැහැමි,correct,මුලකුරු සමඟ නම - එම්. දැහැමි
දෙව්සරී,correct,දෙව්සරී
"ලිපිනය - 9/, පැළෑඳගොඩ පාර,",correct,"ලිපිනය - 9/, පැළෑඳගොඩ පාර,"
"පනාගොඩ, හෝමාගම",correct,"පනාගොඩ, හෝමාගම"
උපන්දිනය - 2016/07/14,correct,උපන්දිනය - 2016/07/14
පාසලේ නම - බප/හෝ/ ශ්‍රී පරාක්‍රම,correct,පාසලේ නම - බප/හෝ/ ශ්‍රී පරාක්‍රම
මහා විද්‍යාලය,correct,මහා විද්‍යාලය
වැරදී සෑදීම,correct,වැරදී සෑදීම
කාර්යශූර,correct,කාර්යශූර
යුගල පද,correct,යුගල පද
"යුගල යනු, දෙකක් වන අතර එකවර",correct,"යුගල යනු, දෙකක් වන අතර එකවර"
පද දෙකක් ලිවීම යුගල පදවල,correct,පද දෙකක් ලිවීම යුගල පදවල
විශේෂත්වයයි.,correct,විශේෂත්වයයි.
"මේවා භාවිතය නිසා, ලියන දේ",correct,"මේවා භාවිතය නිසා, ලියන දේ"
වඩා අලංකාර වේ .,correct,වඩා අලංකාර වේ.
"යුගල පද ලිවීමේ දී, පද දෙක",correct,"යුගල පද ලිවීමේ දී, පද දෙක"
වෙන්කර ලිවිය යුතු ය.,correct,වෙන්කර ලිවිය යුතු ය.
අනම් - මනම්,correct,අනම් - මනම්
විහිළු  තහළු,correct,විහිළු තහළු
වාද විවාද,correct,වාද විවාද
අරුම පුදුම,correct,අරුම පුදුම
අස්සක් මුල්ලක්,correct,අස්සක් මුල්ලක්
බලා ලිවීම,correct,බලා ලිවීම
"පන්තිය වටා ඇවිද්දාය """,Word boundary,"පන්තිය වටා ඇවිද්දා ය """
"""හැමෝම පොත් ගන්න",Punctuation,"""හැමෝම පොත් ගන්න"""
පවනි කිව්වාය.,Word boundary,පවනි කිව්වා ය.
"""පවනි ගුරුවරියක් මෙන්",Punctuation,පවනි ගුරුවරියක් මෙන්
අද අපි සෙල්ලමක් කරමු .,correct,අද අපි සෙල්ලමක් කරමු.
බලා ලිවීම,correct,බලා ලිවීම
'හැමෝම පොතේ,Punctuation,හැමෝම පොතේ
ගැහැනු / පිරිමි/ පලතුරු/ සත්තු,correct,ගැහැනු / පිරිමි/ පලතුරු/ සත්තු
"ගම් ) කියා ලියන්න """,Punctuation,ගම් ) කියා ලියන්න.
සෙල්ලම් පන්තියේ සිටි ළමයින්,correct,සෙල්ලම් පන්තියේ සිටි ළමයින්
කිහිප දෙනෙකු නම් සඳහන්,missing word/letter,කිහිප දෙනෙකුගේ නම් සඳහන්
කරන්න ? මනුක  සහන්,Punctuation,"කරන්න? මනුක, සහන්"
රාධා නිපුණ .,Punctuation,"රාධා, නිපුණ."
සියලු දෙනා ම මනුකට,correct,සියලු දෙනා ම මනුකට
අත් පොළසන් දුන්නේ,correct,අත් පොළසන් දුන්නේ
ඇයි?,correct,ඇයි?
ඔහු දින්න නිසා .,correct,ඔහු දින්න නිසා.
දිනිති දිය ඇල්ල නරඹයි .,correct,දිනිති දිය ඇල්ල නරඹයි.
දෑතට දෑකැති දෙකක්,correct,දෑතට දෑකැති දෙකක්
දුර ගමන් යෑම දුෂ්කරය.,correct,දුර ගමන් යෑම දුෂ්කරය.
දොළ ළඟ දොඹ ගසක්,correct,දොළ ළඟ දොඹ ගසක්
ගන්න .,correct,ගන්න.
ඇත .,correct,ඇත.
දීපා දීකිරි දීසියට දමයි .,correct,දීපා දීකිරි දීසියට දමයි.
වෛද්‍ය,correct,වෛද්‍ය
දෛවය,correct,දෛවය
මෛතිය,correct,මෛතිය
"යුගල උඩු කොමාව ("""")",correct,"යුගල උඩු කොමාව ("""")"
"""හොඳින් ඉගෙනගන්න"" යැයි",correct,"""හොඳින් ඉගෙනගන්න"" යැයි"
පැවසුවේ ය,Punctuation,පැවසුවේ ය.
ගුරුතුමා අප දෙස බලා,correct,ගුරුතුමා අප දෙස බලා
රටේ අසිරිය,correct,රටේ අසිරිය
අපේ රට මුහුදෙන් වට වී ඇත,Punctuation,අපේ රට මුහුදෙන් වට වී ඇත.
අපේ රටේ පොළොවේ සාරවත් ව,correct,අපේ රටේ පොළොවේ සාරවත් ව
ගස් පැළවී තිබෙයි.,correct,ගස් පැළවී තිබෙයි.
"අපේ රටේ ගස්,වැල් වලින් පිරී",correct,"අපේ රටේ ගස්, වැල් වලින් පිරී"
දා- ඇලපිල්ල,correct,දා- ඇලපිල්ල
දි - දීර්ඝ ඉස්පිල්ල,correct,දි - දීර්ඝ ඉස්පිල්ල
දු - පාපිල්ල,correct,දු - පාපිල්ල
දේ - කොම්බුව සහ හල්කිරීම,Word boundary,දේ - කොම්බුව සහ හල් කිරීම
දෙ - කොම්බුව,correct,දෙ - කොම්බුව
දූ - දීර්ඝ පාපිල්ල,correct,දූ - දීර්ඝ පාපිල්ල
දී - කෙටි ඉස්පිල්ල,correct,දී - කෙටි ඉස්පිල්ල
දෑ - දික් ඇදැපිල්ල,correct,දෑ - දික් ඇදැපිල්ල
දැ- කෙටි ඇදපිල්ල,correct,දැ- කෙටි ඇදපිල්ල
කෙටි ඇදපිල්ල,correct,කෙටි ඇදපිල්ල
දො - කොම්බුව සහ ඇලපිල්ල,correct,දො - කොම්බුව සහ ඇලපිල්ල
දෝ - කොම්බුව සහ ඇලපිල්ල හා,correct,දෝ - කොම්බුව සහ ඇලපිල්ල හා
හල්කිරීම .,Word boundary,හල් කිරීම.
"සිහිනයක, ජීවත් වූ පුංචි දැරියක්",correct,"සිහිනයක, ජීවත් වූ පුංචි දැරියක්"
"සිටියා ය. ඇයගේ අම්මා, තාත්තා,",correct,"සිටියා ය. ඇයගේ අම්මා, තාත්තා,"
"අත්තම්මා, ලොකු අම්මා වගේ පවුලේ",correct,"අත්තම්මා, ලොකු අම්මා වගේ පවුලේ"
ම අය ඒ සිහිනවල ජීවත් වූහ.,correct,ම අය ඒ සිහිනවල ජීවත් වූහ.
ඒ වගේ ම ගමේ අසල්වැසි වාඩිහිටියෝ,correct,ඒ වගේ ම ගමේ අසල්වැසි වාඩිහිටියෝ
"සහ නෑ හිතමිතුරෝ ද, ගමට ආ ගිය",correct,"සහ නෑ හිතමිතුරෝ ද, ගමට ආ ගිය"
අය ද ඒ අතර වූහ. එපමණක්,correct,අය ද ඒ අතර වූහ. එපමණක්
"නොව, ඇය ජීවත් වූ පරිසරය.",correct,"නොව, ඇය ජීවත් වූ පරිසරය."
පිලි සහිත වචන ලියමු.,correct,පිලි සහිත වචන ලියමු.
මාලය කෙකටිය,correct,මාලය කෙකටිය
වැස්ස මේසය,correct,වැස්ස මේසය
කෑරලා බෝතලය,correct,කෑරලා බෝතලය
සීගිරිය ධෛර්ය,correct,සීගිරිය ධෛර්ය
ගුරුතුමා වෘත්තය,correct,ගුරුතුමා වෘත්තය
කේතලය ක්‍රමය,correct,කේතලය ක්‍රමය
තොවිලය ගාථාව,correct,තොවිලය ගාථාව
"උදා ÷  අම්මා පොළට ගොස් අඹ, කෙසෙල්,",correct,"උදා ÷ අම්මා පොළට ගොස් අඹ, කෙසෙල්,"
අන්නාසි ගෙනාවාය.,Word boundary,අන්නාසි ගෙනාවා ය.
"ඇයගේ අම්මා, තාත්තා, අත්තම්මා,",correct,"ඇයගේ අම්මා, තාත්තා, අත්තම්මා,"
ලොකු අම්මා වගේ පවුලේ ම අය ඒ,correct,ලොකු අම්මා වගේ පවුලේ ම අය ඒ
සිහිනවල ජීවත්  වූහ.,correct,සිහිනවල ජීවත් වූහ.
බලා ලිවීම,correct,බලා ලිවීම
මම හොඳින් වැඩ කර ජය,correct,මම හොඳින් වැඩ කර ජය
ලබමි,Punctuation,ලබමි.
මම හොඳින් වැඩ කර ජය,correct,මම හොඳින් වැඩ කර ජය
ලබමි,Punctuation,ලබමි.
"ඇලපිල්ල  - රාධා,වාඩි",correct,"ඇලපිල්ල - රාධා, වාඩි"
ලකුණ -ක්‍රීඩාවේ,correct,ලකුණ -ක්‍රීඩාවේ
කොම්බුව සහිත ඇලපිල්ල -,correct,කොම්බුව සහිත ඇලපිල්ල -
"බොහෝම , හොඳයි",correct,"බොහෝම, හොඳයි"
දික් ඉස්පිල්ල - තීරු,correct,දික් ඉස්පිල්ල - තීරු
"කෙටි ඉස්පිල්ල - පිරිමි, පිලි",correct,"කෙටි ඉස්පිල්ල - පිරිමි, පිලි"
දික් ඇදපිල්ල - ඕනෑ,correct,දික් ඇදපිල්ල - ඕනෑ
"කෙටි ඇදපිල්ල - හැමෝම, දැන්",correct,"කෙටි ඇදපිල්ල - හැමෝම, දැන්"
වෛවර්ණ,correct,වෛවර්ණ
වෛවර්ණ,correct,වෛවර්ණ
වෛවර්ණ,correct,වෛවර්ණ
වෛවර්ණ,correct,වෛවර්ණ
වෛවර්ණ,correct,වෛවර්ණ
වෛවර්ණ,correct,වෛවර්ණ
වෛවර්ණ,correct,වෛවර්ණ
නා.හ = නාවික හමුදාව,correct,නා.හ = නාවික හමුදාව
ම.වි = මහා විද්‍යාලය,correct,ම.වි = මහා විද්‍යාලය
ප්‍රශ්නාර්ථ ලකුණ (?),correct,ප්‍රශ්නාර්ථ ලකුණ (? )
උදා :- ඇයගේ ප්‍රියතම නෑදෑ,correct,උදා: - ඇයගේ ප්‍රියතම නෑදෑ
කරපු දේවල් ගැනද ?,correct,කරපු දේවල් ගැනද?
කිරි අම්මා ඔය ලියන්නෙ අපි,correct,කිරි අම්මා ඔය ලියන්නෙ අපි
කවුද ?,correct,කවුද?
මං ගැනත් ලියනවාද ?,correct,මං ගැනත් ලියනවාද?
චරිතාරෝපිතව කතා,correct,චරිතාරෝපිතව කතා
කරමු .,correct,කරමු.
අපට අසනීප වූ විට බෙහෙත්,correct,අපට අසනීප වූ විට බෙහෙත්
ලබා දෙයි.,correct,ලබා දෙයි.
ඔහුට වෙද නළාවක් ද ඇත.,correct,ඔහුට වෙද නළාවක් ද ඇත.
ඔහු අපේ රටට විශේෂ,correct,ඔහු අපේ රටට විශේෂ
සේවාවක් සපයයි.,correct,සේවාවක් සපයයි.
කෲසෝ,correct,කෲසෝ
කෲර,correct,කෲර
බෲනායි,correct,බෲනායි
දෝත පුරා මල් අරගෙන,correct,දෝත පුරා මල් අරගෙන
සුවඳ ගෙනෙන්නේ කවුද?,correct,සුවඳ ගෙනෙන්නේ කවුද?
සීගිරියේ ලෙන්දොරකඩ,Word boundary,සීගිරියේ ලෙන් දොරකඩ
ලංකාව හැඳින්වීමට කවි,correct,ලංකාව හැඳින්වීමට කවි
සිටින සුරංගනාවෝ.,correct,සිටින සුරංගනාවෝ.
පන්තියේ යොදා ඇති වෙනත්,correct,පන්තියේ යොදා ඇති වෙනත්
නම් මොනවද?,correct,නම් මොනවද?
රත්නදීප,correct,රත්නදීප
ලංකාව,correct,ලංකාව
ඉන්දීය සයුරේ මුතු ඇටය,correct,ඉන්දීය සයුරේ මුතු ඇටය
මේ ශ්‍රී ලංකාවයි  මිතුරනි,correct,මේ ශ්‍රී ලංකාවයි මිතුරනි
මා ඉපදුණ මගේ මව් රට,correct,මා ඉපදුණ මගේ මව් රට
සැමදා  සුරකිමු මිතුරනි.,correct,සැමදා සුරකිමු මිතුරනි.
හැදී වැඩී දිලෙන මගේ රට,correct,හැදී වැඩී දිලෙන මගේ රට
තෑගි ගොඩක් ඇත.,correct,තෑගි ගොඩක් ඇත.
තුරු සෙවණ,correct,තුරු සෙවණ
කොහොඹ තුරු සෙවණ යට,correct,කොහොඹ තුරු සෙවණ යට
හරි ම සිසිලක් දැනෙයි.,correct,හරි ම සිසිලක් දැනෙයි.
මල් සුවඳ,correct,මල් සුවඳ
සේපාලිකා මල් සුවඳ රාත්‍රීය,correct,සේපාලිකා මල් සුවඳ රාත්‍රීය
පුරා දසත පතුරවයි.,correct,පුරා දසත පතුරවයි.
අවබෝධය,correct,අවබෝධය
සතුටින් පොත් තෝරා ගත්,correct,සතුටින් පොත් තෝරා ගත්
තොවිලය,correct,තොවිලය
ශෛල,correct,ශෛල
ගෞරවය,correct,ගෞරවය
ත්‍යාගය,correct,ත්‍යාගය
රාමාණය,missing word/letter,රාමායණය
ඉවුරේ,correct,ඉවුරේ
හැංගුණා,correct,හැංගුණා
රැවුළ,correct,රැවුළ
සම්මාන,correct,සම්මාන
හීනයක,correct,හීනයක
අඟුරු,correct,අඟුරු
ඊළඟට,correct,ඊළඟට
මකුළුවා,correct,මකුළුවා
අපූරු,correct,අපූරු
විදෙස් පුවත්,correct,විදෙස් පුවත්
ක්‍රීඩා පුවත්,correct,ක්‍රීඩා පුවත්
දෙකකට හානි සිදු වී ඇත .,correct,දෙකකට හානි සිදු වී ඇත.
ලෝකඩ පදක්කම් දිනා ගත්,correct,ලෝකඩ පදක්කම් දිනා ගත්
එල්ල වී ඇත. එහි ඉන්ධන ටැංකි,correct,එල්ල වී ඇත. එහි ඉන්ධන ටැංකි
ගබඩාවකට යුක්‍රේන ප්‍රහාරයක්,correct,ගබඩාවකට යුක්‍රේන ප්‍රහාරයක්
දකුණු රුසියාවේ ඉන්ධන,correct,දකුණු රුසියාවේ ඉන්ධන
නුවන් ඉන්දික සහ ප්‍රදීප්,correct,නුවන් ඉන්දික සහ ප්‍රදීප්
සෝමසිරි ඇතුළු ක්‍රීඩකයින්,correct,සෝමසිරි ඇතුළු ක්‍රීඩකයින්
කටුනායක බණ්ඩාර නායක,correct,කටුනායක බණ්ඩාර නායක
ජාත්‍යන්තර නිලධාරීන් විසින්,correct,ජාත්‍යන්තර නිලධාරීන් විසින්
පාඩමෙහි කියවෙන ජන,correct,පාඩමෙහි කියවෙන ජන
රබන් ගැසීම,correct,රබන් ගැසීම
ක්‍රීඩාව කුමක්ද?,correct,ක්‍රීඩාව කුමක්ද?
පාසලේ සිට නිවසට,correct,පාසලේ සිට නිවසට
පැමිණීම,correct,පැමිණීම
"ස්නානය කිරීම, අහාර",correct,"ස්නානය කිරීම, අහාර"
"ගැනීම, විවේක ගැනීම.",correct,"ගැනීම, විවේක ගැනීම."
නිවසේ කටයුතුවලට,Word boundary,නිවසේ කටයුතු වලට
පාඩම් වැඩ කටයුතු,correct,පාඩම් වැඩ කටයුතු
සහය  වීම,correct,සහය වීම
බුදුන් වැඳීම හා පාඩ,missing word/letter,බුදුන් වැඳීම හා පාඩම්
"රූපවාහිනි නැරඹීම ,",correct,"රූපවාහිනි නැරඹීම,"
ඉහත ඡේදය නිශ්ශබ්ද ව,correct,ඉහත ඡේදය නිශ්ශබ්ද ව
පටන් ගන්නා වචන,correct,පටන් ගන්නා වචන
ඡේදයෙන් සොයා ලියන්න,Punctuation,ඡේදයෙන් සොයා ලියන්න.
වචන කියවමු,Punctuation,වචන කියවමු.
පුරු පුරු,correct,පුරු පුරු
බුහ් බුහ්,correct,බුහ් බුහ්
කුස්සිය,correct,කුස්සිය
පුතා,correct,පුතා
කුරුලු,correct,කුරුලු
"කෙටි විරාමයක්, කෙටි නැවතීමක්",Punctuation,කෙටි විරාමයක් කෙටි නැවතීමක්
සඳහා වාබ්‍ය ලිවීමේදී,Retroflex,සඳහා වාඛ්‍ය ලිවීමේදී
"උදා:- ගැහැනිය කැලයට ගොස්,",Retroflex,"උදා: - ගැහැණිය කැලයට ගොස්,"
"දර කඩාගෙන, පලාද නෙළාගෙන",correct,"දර කඩාගෙන, පලාද නෙළාගෙන"
ගෙදර ගියා ය.,correct,ගෙදර ගියා ය.
මුවා,correct,මුවා
තුන,correct,තුන
මුල,correct,මුල
රුවල,correct,රුවල
ii. පාඩමට අනුව පැන්සලේ ගුණාංග,correct,ii. පාඩමට අනුව පැන්සලේ ගුණාංග
ගලන ගඟ වගේ,correct,ගලන ගඟ වගේ
මුල් කෘතියේ නම කුමක් ද?,correct,මුල් කෘතියේ නම කුමක් ද?
i පැන්සලේ කතන්දරය සඳහන්,correct,i පැන්සලේ කතන්දරය සඳහන්
කීයද?,correct,කීයද?
කාමරය පැමිණියේ කෙසේද?,missing word/letter,කාමරයට පැමිණියේ කෙසේද?
මකුළුවා යොසාකුට කළගුණ,correct,මකුළුවා යොසාකුට කළගුණ
සැළකුවේ කෙසේද?,correct,සැළකුවේ කෙසේද?
සර්පයා යොසාකුගේ රෙදි වියන,correct,සර්පයා යොසාකුගේ රෙදි වියන
සූකිරි,correct,සූකිරි
සූරය,Vowel/diacritic,සුරය
බූරුවා,correct,බූරුවා
කූඹියා,correct,කූඹියා
වනන්තරේ ඈත එපිට නෙලුම්,correct,වනන්තරේ ඈත එපිට නෙලුම්
පිපුණ විලක් ඇතී නිල් වතු,Vowel/diacritic,පිපුණ විලක් ඇති නිල් වතු
බලා ලිවීම,Punctuation,බලා ලිවීම.
ඇදෙති.,correct,ඇදෙති.
පිරුණු කලට වන සිවුපාවෝ,correct,පිරුණු කලට වන සිවුපාවෝ
ආදී චරිත අපට හඳුන්වා දුන්,correct,ආදී චරිත අපට හඳුන්වා දුන්
"බටකොළ ආච්චි, බූ බබා",correct,"බටකොළ ආච්චි, බූ බබා"
බලා ලිවීම,Punctuation,බලා ලිවීම.
හරි - වැරදි,correct,හරි - වැරදි
යමි - නොයමි,correct,යමි - නොයමි
උඩ - යට,correct,උඩ - යට
අඩු - නොඅඩු,correct,අඩු - නොඅඩු
පින්තූර මගින් කතා කීම ඈත,correct,පින්තූර මගින් කතා කීම ඈත
කාලයේ සිට පැවත එන ක්‍රමයකි,Punctuation,කාලයේ සිට පැවත එන ක්‍රමයකි.
පින්තූර කතා කියවීම අපි කැමැත්තෙමු,Punctuation,පින්තූර කතා කියවීම අපි කැමැත්තෙමු.
භාවිතා කරමින් ඉදිරිපත් කෙරෙන,correct,භාවිතා කරමින් ඉදිරිපත් කෙරෙන
චිත්‍ර කතා යනු පින්තූර බහුලව,correct,චිත්‍ර කතා යනු පින්තූර බහුලව
ක්‍රියා ඇස්‍ටරික්ස් ආදිය ලෝකය,Punctuation,"ක්‍රියා ඇස්‍ටරික්ස් ආදිය, ලෝකය"
කතන්දර වර්ගයකි ටින් ටින් ගේ වීර,Punctuation,කතන්දර වර්ගයකි. ටින් ටින් ගේ වීර
පුරා අදත් ජනපිය චිත්‍ර කතා වේ .,correct,පුරා අදත් ජනපිය චිත්‍ර කතා වේ.
ආරම්භ - අවසාන,correct,ආරම්භ - අවසාන
කරනවා - නොකරනවා,correct,කරනවා - නොකරනවා
පොළොව තුළින් මතුවන ධන,correct,පොළොව තුළින් මතුවන ධාන
නිධාන මොනවාද ?,correct,නිධාන මොනවාද?
ගෙනෙන්නේ කවුද?,correct,ගෙනෙන්නේ කවුද?
පාට පාට මැණික් ජාති,correct,පාට පාට මැණික් ජාති
කවි පෙළෙහි සඳහන් ගංගා,Retroflex,කවි පෙළෙහි සඳහන් ගංඟා
දෝත පුරා මල් අරගෙන සුවඳ,correct,දෝත පුරා මල් අරගෙන සුවඳ
මකුළුවා නූල් ලබා ගත්තේ,correct,මකුළුවා නූල් ලබා ගත්තේ
මොනවායින්ද?,correct,මොනවායින්ද?
කපු පුලුන්,correct,කපු පුලුන්
මකුළුවා යොසාකුට කළගුණ,correct,මකුළුවා යොසාකුට කළගුණ
සැළකුවේ කෙසේද,Punctuation,සැළකුවේ කෙසේද ?
මකුළුවා යොසාකුට කළගුණ,correct,මකුළුවා යොසාකුට කළගුණ
සැළකුවේ කෙසේද,Punctuation,සැළකුවේ කෙසේද ?
හිස නමා,correct,හිස නමා
සර්පයා යොසාකුගේ රෙදි වියන,correct,සර්පයා යොසාකුගේ රෙදි වියන
කාමරයට පැමිණියේ කෙසේද?,correct,කාමරයට පැමිණියේ කෙසේද?
කපු පුලුන් පොදියට රිංගා,correct,කපු පුලුන් පොදියට රිංගා
ගෙන,correct,ගෙන
ලූලා,correct,ලූලා
පූසා,correct,පූසා
කූඩය,correct,කූඩය
කූර,correct,කූර
නූල,correct,නූල
රූකඩ,correct,රූකඩ
ඈත - මෑත,correct,ඈත - මෑත
මම - අපි,correct,මම - අපි
විරාම ලක්ෂණ යොදන්න,Punctuation,විරාම ලක්ෂණ යොදන්න.
ඉතිං  පහුවදාත්  නරිහාමි,correct,ඉතිං පහුවදාත් නරිහාමි
ලොකු බඩගින්නක්,correct,ලොකු බඩගින්නක්
හැදුනා. එදත් කන්න,correct,හැදුනා. එදත් කන්න
දෙයක් හොයාගෙන,correct,දෙයක් හොයාගෙන
ඇවිදගෙන යනකොට,correct,ඇවිදගෙන යනකොට
නරිහාමිට ඉත්තෑවෙක්,correct,නරිහාමිට ඉත්තෑවෙක්
බඩගින්නක් හැදුනා. එදත්,correct,බඩගින්නක් හැදුනා. එදත්
කන්න දෙයක් හොයාගෙන කැලේ,correct,කන්න දෙයක් හොයාගෙන කැලේ
ඇවිදගෙන යනකොට නරිහාමිට,correct,ඇවිදගෙන යනකොට නරිහාමිට
ඉතිං  පහුවදාත්  නරිහාමිට  ලොකු,correct,ඉතිං පහුවදාත් නරිහාමිට ලොකු
1 මාලා ගාල්ලට යනවා.,Punctuation,1 මාලා ගාල්ලට යනවා
3 මාමා මාලයක් ගත්තා.,correct,3 මාමා මාලයක් ගත්තා
4 නයනා මාතරට ආවා.,correct,4 නයනා මාතරට ආවා
2 තාරාවා පාරට ආවා.,correct,2 තාරාවා පාරට ආවා
13 තුලාව,correct,13 තුලාව
12 සුහද,correct,12 සුහද
14 රුලං,correct,14 රුලං
15 සුළඟ,correct,15 සුළඟ
15 කුරුල්ලෝ,correct,15 කුරුල්ලෝ
පෘතුගාලයේ සිට පෘතුගීසින්,correct,පෘතුගාලයේ සිට පෘතුගීසින්
දිනපතා ප්‍රවෘත්ති බලන්න,Punctuation,දිනපතා ප්‍රවෘත්ති බලන්න.
වෘත්තයක් අඳින්න,Punctuation,වෘත්තයක් අඳින්න.
මේ කෘතිය කියවන්න.,correct,මේ කෘතිය කියවන්න.
වෛද්‍ය,correct,වෛද්‍ය
දෛව්‍ය,correct,දෛව්‍ය
මෛත්‍රිය,correct,මෛත්‍රිය
චෛත්‍යය,correct,චෛත්‍යය
සහ යමකින් උපුටා,correct,සහ යමකින් උපුටා
යොදනු ලැබෙයි.,Vowel/diacritic,යොදනු ලබයි.
ගැනීමේදී යුගල උඩු කොමාව,correct,ගැනීමේදී යුගල උඩු කොමාව
යුගල උඩු කොමාව.,correct,යුගල උඩු කොමාව.
* කෙනෙක් කියන ලද,correct,* කෙනෙක් කියන ලද
"1) "" මමත් එනවා."" නංගී",Punctuation,"1) "" මමත් එනවා"" නංගී"
* වෛද්‍ය,correct,* වෛද්‍ය
* මෛත්‍රිය,correct,* මෛත්‍රිය
* දෛවය,correct,* දෛවය
මුල,correct,මුල
මුවා,correct,මුවා
දුර,correct,දුර
ගුහාව,correct,ගුහාව
පුටුව,correct,පුටුව
දුන්න,correct,දුන්න
දෙයක් හොයාගෙන,correct,දෙයක් හොයාගෙන
ඇවිදගෙන යනකොට,correct,ඇවිදගෙන යනකොට
නරිහාමිට ඉත්තෑවෙක්,correct,නරිහාමිට ඉත්තෑවෙක්
"හම්බ වුණා. ""කොහෙද",correct,"හම්බ වුණා. ""කොහෙද"
"ඉත්තෑවෝ යන්නෙ?""",correct,"ඉත්තෑවෝ යන්නෙ? """
නරිහාමි ඇහුවා,Punctuation,නරිහාමි ඇහුවා.
කෲසෝ,correct,කෲසෝ
බෲනායි,correct,බෲනායි
ලූලා,correct,ලූලා
පූසා,correct,පූසා
කූඩය,correct,කූඩය
සූකිරි,correct,සූකිරි
රූකඩ,correct,රූකඩ
කූර,correct,කූර
නූල,correct,නූල
කෙනෙක් කියන ලද දෙයකට සහ,correct,කෙනෙක් කියන ලද දෙයකට සහ
යමකින් උපුටා ගැනීමේදී  යුගල,correct,යමකින් උපුටා ගැනීමේදී යුගල
උඩු කොමාව යොදනු ලැබෙයි.,Vowel/diacritic,උඩු කොමාව යොදනු ලබයි.
බඩගින්නක් හැදුණා එදත් කන්න,Punctuation,බඩගින්නක් හැදුණා. එදත් කන්න
යනකොට නරිහාමිට ඉත්තෑවෙක්,correct,යනකොට නරිහාමිට ඉත්තෑවෙක්
ඉතිං  පහුවදාත්  නරිහාමිට  ලොකු,correct,ඉතිං පහුවදාත් නරිහාමිට ලොකු
මිහිරි,correct,මිහිරි
තොවිලය,correct,තොවිලය
ශෛල,correct,ශෛල
ගෞරවය,correct,ගෞරවය
ත්‍යාගය,correct,ත්‍යාගය
රාමායණය,correct,රාමායණය
කීවා,correct,කීවා
අකීකරුයි,correct,අකීකරුයි
කවීශා,correct,කවීශා
දීපේ,correct,දීපේ
ගීතේ,correct,ගීතේ
පිපී,correct,පිපී
මී පැණි,correct,මී පැණි
වාක්‍යයක්  අවසන් වීමට,correct,වාක්‍යයක් අවසන් වීමට
පෙර තබන විරාමය සඳහා,correct,පෙර තබන විරාමය සඳහා
කොමාව යොදයි.,correct,කොමාව යොදයි.
උදාහරණ,correct,උදාහරණ
1 මාලා ගාල්ලට යනවා,Punctuation,1 මාලා ගාල්ලට යනවා.
2 තාරාවා පාරට ආවා,Punctuation,2 තාරාවා පාරට ආවා.
රුලං,correct,රුලං
සුළඟ,correct,සුළඟ
පුළුවන්,correct,පුළුවන්
විරාම ලකුණු යොදන්න,Punctuation,විරාම ලකුණු යොදන්න.
ඉතිං  පහුවදාත්  නරිහාමිට  ලොකු,correct,ඉතිං පහුවදාත් නරිහාමිට ලොකු
බඩගින්නක් හැදුනා. එදත් කන්න,correct,බඩගින්නක් හැදුනා. එදත් කන්න
දෙයක් හොයාගෙන කැලේ ඇවිදගෙන,correct,දෙයක් හොයාගෙන කැලේ ඇවිදගෙන
අතරමග,correct,අතරමග
ඉලපත,correct,ඉලපත
එක,correct,එක
ඖෂධ,correct,ඖෂධ
ආභරණ,correct,ආභරණ
ඊතලය,correct,ඊතලය
ණය,correct,ණය
කතරගම,correct,කතරගම
ඇසළ,correct,ඇසළ
උමඟ,correct,උමඟ
ඓක්‍යය,correct,ඓක්‍යය
දඹල,correct,දඹල
පරණ,correct,පරණ
දූපත,correct,දූපත
පූසා,correct,පූසා
කූර,correct,කූර
නූල,correct,නූල
ලූලා,correct,ලූලා
ලූලා,correct,ලූලා
ලොකු බඩගින්නක් හැදුණ,Vowel/diacritic,ලොකු බඩගින්නක් හැදුණා
ලොකු බඩගින්නක් හැදුණ,Punctuation,ලොකු බඩගින්නක් හැදුණා.
ඉතිං  පහුවදාත්  නරිහාමිට,correct,ඉතිං පහුවදාත් නරිහාමිට
එදත් කන්න දෙයක් හොයාගෙන,correct,එදත් කන්න දෙයක් හොයාගෙන
කැලේ ඇවිදගෙන යනකොට,correct,කැලේ ඇවිදගෙන යනකොට
නරිහාමිට ඉත්තෑවෙක්,correct,නරිහාමිට ඉත්තෑවෙක්
"හම්බ වුණා. ""කොහෙද",correct,"හම්බ වුණා. ""කොහෙද"
කෙනෙක් කියන ලද දෙයකට,correct,කෙනෙක් කියන ලද දෙයකට
සහ යමකින් උපුටා ගැනීමේදී,correct,සහ යමකින් උපුටා ගැනීමේදී
යුගල උඩු කොමාව යොදනු,correct,යුගල උඩු කොමාව යොදනු
ලැබෙයි,Vowel/diacritic,ලබයි
මාලා ගාල්ලට යනවා,Punctuation,මාලා ගාල්ලට යනවා.
තාරාවා පාරට ආවා,Punctuation,තාරාවා පාරට ආවා.
මාමා මාලයක් ගත්තා,Punctuation,මාමා මාලයක් ගත්තා.
ඉතිං  පහුවදාත්  නරිහාමිට  ලොකු,correct,ඉතිං පහුවදාත් නරිහාමිට ලොකු
විරාම ලක්ෂණ යොදන්න.,correct,විරාම ලක්ෂණ යොදන්න.
දෙයක් හොයාගෙන කැලේ ඇවිදගෙන,correct,දෙයක් හොයාගෙන කැලේ ඇවිදගෙන
බඩගින්නක් හැදුනා. එදත් කන්න,correct,බඩගින්නක් හැදුනා. එදත් කන්න
අග්ගලා,correct,අග්ගලා
අග්ගලා,correct,අග්ගලා
අග්ගලා,correct,අග්ගලා
අධිෂ්ඨානය,correct,අධිෂ්ඨානය
අධිෂ්ඨානය,correct,අධිෂ්ඨානය
කාලයගත කරමි,Punctuation,කාලයගත කරමි.
1.සැදෑ කාලයේ දී මම මුහුදු වෙරළේ,correct,1.සැදෑ කාලයේ දී මම මුහුදු වෙරළේ
සරුංගලේ යවමි,Punctuation,සරුංගලේ යවමි.
2. සැදෑ අඳුරත් සමග මම මුහුදු වෙරළේ,correct,2. සැදෑ අඳුරත් සමග මම මුහුදු වෙරළේ
වැලි මාලිගා සාදමි,Punctuation,වැලි මාලිගා සාදමි.
3. සැදෑ  අහසේ ඉර බැස යන ආකාරය මම,correct,3. සැදෑ අහසේ ඉර බැස යන ආකාරය මම
මුහුදු වෙරළේ සිට නරඹමි.,correct,මුහුදු වෙරළේ සිට නරඹමි.
ඉවත දමන දඬුව වුවද සරු පොළවේ,correct,ඉවත දමන දඬුව වුවද සරු පොළවේ
දලු ලා යළි පැළ වෙයි.,Retroflex,දළු ලා යළි පැළ වෙයි.
සරු පොළොව මිනිසාට මෙන්ම සතා සි,correct,සරු පොළොව මිනිසාට මෙන්ම සතා සි
වුපාවන් සදහා සම්පත් ගෙන දෙයි,Punctuation,වුපාවන් සදහා සම්පත් ගෙන දෙයි.
සරු පොළොව නරඹා සියල්ලෝම,correct,සරු පොළොව නරඹා සියල්ලෝම
සතුටු වෙති,correct,සතුටු වෙති
කරමි,correct,කරමි
සැදෑ කාලයේදී මම මුහුදු වෙරළේ,correct,සැදෑ කාලයේදී මම මුහුදු වෙරළේ
සරුංගලේ යවමි,Punctuation,සරුංගලේ යවමි.
සැදෑ  අඳුරත් සමග මම මුහුදු වෙරළේ,correct,සැදෑ අඳුරත් සමග මම මුහුදු වෙරළේ
වැලි මාලිගා සාදමි,Punctuation,වැලි මාලිගා සාදමි.
සැදෑ  අහසේ ඉර බැස යන ආකාරය,correct,සැදෑ අහසේ ඉර බැස යන ආකාරය
මම මුහුදු වෙරළේ සිට නරඹමි.,correct,මම මුහුදු වෙරළේ සිට නරඹමි.
මම කැමැතිම පොත,correct,මම කැමැතිම පොත
ගඟ අද්දර නම් කෘතියට බොහෝ,correct,ගඟ අද්දර නම් කෘතියට බොහෝ
සේ ප්‍රිය කරමි,Punctuation,සේ ප්‍රිය කරමි.
එහි සරල ගැමි භාෂාවට මම බොහෝ,correct,එහි සරල ගැමි භාෂාවට මම බොහෝ
සේ ප්‍රිය කරමි,Punctuation,සේ ප්‍රිය කරමි.
ගහ අද්දර නම් කෘතිය තුළ මම ළළු,missing word/letter,ගහ අද්දර නම් කෘතිය තුළ මම යහලළුවන්
වන් සමග සිටින ආකාරය දැන ගත්,missing word/letter,යහලළුවන් සමග සිටින ආකාරය දැන ගත්
1 මිහිරි මීකිරි කනවා,Punctuation,1 මිහිරි මීකිරි කනවා.
2 ගිහාන් ගීතයක් ගයනවා,Punctuation,2 ගිහාන් ගීතයක් ගයනවා.
3 දිලිනි දීප්තිට කතා කර,Punctuation,3 දිලිනි දීප්තිට කතා කර.
4 චින්තක චීනයට යනවා,Punctuation,4 චින්තක චීනයට යනවා.
"රවිඳු, සහන් සහ අතුල ක්‍රකට්  සෙල්ලම් කරමින්",ZWJ missing,"රවිඳු, සහන් සහ අතුල ක්‍රිකට් සෙල්ලම් කරමින්"
සිටියේ අතුලයේ නිවසේ ඉදිරිපස මිදුලේය,Retroflex,සිටියේ අතුලගේ නිවසේ ඉදිරිපස මිදුලේය
රවිඳු එවන ලද බෝල පහරක් වැදීමෙන්,correct,රවිඳු එවන ලද බෝල පහරක් වැදීමෙන්
අතුලයේ නිවසේ ජනේලයක් බිදී ගියේය,Retroflex,අතුලගේනිවසේ ජනේලයක් බිදී ගියේය
එතැන් සිදුවන්නට ඇති දේ පිළිදව,correct,එතැන් සිදුවන්නට ඇති දේ පිළිදව
නිර්මාණත්මක වැකි තුනක් ලියන්න,Punctuation,නිර්මාණත්මක වැකි තුනක් ලියන්න.
තුලාව,correct,තුලාව
සැදෑ කාලයේදී මම මුහුදු වෙරළේ සරුංගල්,correct,සැදෑ කාලයේදී මම මුහුදු වෙරළේ සරුංගල්
යවමි,correct,යවමි
සැදෑ  අඳුරත් සමග මම මුහුදු වෙරළේ,correct,සැදෑ අඳුරත් සමග මම මුහුදු වෙරළේ
වැලි මාලිගා සාදමි,Punctuation,වැලි මාලිගා සාදමි.
සැදෑ  අහසේ ඉර බැස යන ආකාරය මම,correct,සැදෑ අහසේ ඉර බැස යන ආකාරය මම
මුහුදු වෙරළේ නරඹමි.,correct,මුහුදු වෙරළේ නරඹමි.
අපි වැඩිහිටියන්ට ආදරයෙන් කරුණාවෙන්,correct,අපි වැඩිහිටියන්ට ආදරයෙන් කරුණාවෙන්
සලකමු,correct,සලකමු
අපි ඔවුන් අසනීප වූ විට බෙහෙත් දී ඉතා,correct,අපි ඔවුන් අසනීප වූ විට බෙහෙත් දී ඉතා
හොදින් සලකමු.,correct,හොදින් සලකමු.
අපි වැඩිහිටියන් දුටු විට ඔවුන්ට ඉතා,correct,අපි වැඩිහිටියන් දුටු විට ඔවුන්ට ඉතා
ගෞරවයෙන් සලකමු.,correct,ගෞරවයෙන් සලකමු.
අපේ පාසලේ ක්‍රීඩා උත්සවය අදයි,correct,අපේ පාසලේ ක්‍රීඩා උත්සවය අදයි
(වර්තමාන),correct,(වර්තමාන)
විවිධ වර්ණයේ කොඩි ක්‍රීඩා පිටිය වටා ලෙළ,correct,විවිධ වර්ණයේ කොඩි ක්‍රීඩා පිටිය වටා ලෙළ
දෙයි,correct,දෙයි
ක්‍රීඩා නායක නායකයෝ ඔලිම්පික් පහන,correct,ක්‍රීඩා නායක නායකයෝ ඔලිම්පික් පහන
දල්වති,correct,දල්වති
ක්‍රීඩක ක්‍රීඩිකාවෝ ධාවන පථයේ වේගයෙන්,correct,ක්‍රීඩක ක්‍රීඩිකාවෝ ධාවන පථයේ වේගයෙන්
දුවති,correct,දුවති
අපි සීගිරිය නැරඹීමට ගියෙමු,Punctuation,අපි සීගිරිය නැරඹීමට ගියෙමු.
(අතීතකාලය),correct,(අතීතකාලය)
විනෝද පොකුණු මැදින් අපි සිගිරි ගල,Vowel/diacritic,විනෝද පොකුණු මැදින් අපි සීගිරි ගල
මුදුනට ගියෙමු,Punctuation,මුදුනට ගියෙමු.
සිගිරි බිතු සිතුවම් බලා අපි සතුටු වුණෙමි.,Vowel/diacritic,සීගිරි බිතු සිතුවම් බලා අපි සතුටු වුණෙමි.
විරාම ලකුණු,correct,විරාම ලකුණු
1. තිත .,correct,1. තිත.
2. ප්‍රශ්නාර්ථ ලකුණ ?,correct,2. ප්‍රශ්නාර්ථ ලකුණ?
"3. කොමාව ,",correct,"3. කොමාව,"
යුගල උඩු කොමා,correct,යුගල උඩු කොමා
"යමෙකු විසින් කළ ප්‍රකාශයක්, යමකින්",correct,"යමෙකු විසින් කළ ප්‍රකාශයක්, යමකින්"
උපුටා ගැනීමක් සඳහා වන කොටසක්,correct,උපුටා ගැනීමක් සඳහා වන කොටසක්
"විස්මයක්, ආශිර්වාදයක්, ශෝකයක්,",correct,"විස්මයක්, ආශිර්වාදයක්, ශෝකයක්,"
නගා කරන ආමන්ත්‍රණයකදී මෙය යොදයි,Punctuation,නගා කරන ආමන්ත්‍රණයකදී මෙය යොදයි.
"සතුටක්, ප්‍රාර්ථනයක්, නියෝගයක්, හඬ",correct,"සතුටක්, ප්‍රාර්ථනයක්, නියෝගයක්, හඬ"
සොබාදහමට ආදරය කළ ශ්‍රේෂ්ඨ රතු ඉන්දීය,correct,සොබාදහමට ආදරය කළ ශ්‍රේෂ්ඨ රතු ඉන්දීය
නායකයා කවුද? * සියටල්,correct,නායකයා කවුද? * සියටල්
එකම පවුලකට අයත් වන දේ ලෙස මෙහි,correct,එකම පවුලකට අයත් වන දේ ලෙස මෙහි
දක්වා ඇත්තේ මොනවාද ?,correct,දක්වා ඇත්තේ මොනවාද?
"* සුගන්ධවත් පුෂ්පයෝ, පිනි මුවා,",correct,"* සුගන්ධවත් පුෂ්පයෝ, පිනි මුවා,"
කූර,correct,කූර
පූසා,correct,පූසා
නූල,correct,නූල
ලූලා,correct,ලූලා
දූපත,correct,දූපත
කොට්ඨාශය,correct,කොට්ඨාශය
කිලිටි,correct,කිලිටි
කැලණි,correct,කැලණි
කැලෑව/ කැළෑව,correct,කැලෑව/ කැළෑව
ගවේෂණශීලී,correct,ගවේෂණශීලී
මධ්‍යම,correct,මධ්‍යම
* රකාරාංශය,correct,* රකාරාංශය
මධ්‍ය,correct,මධ්‍ය
ධාන්‍ය,correct,ධාන්‍ය
සූකිරි,correct,සූකිරි
රූකඩ,correct,රූකඩ
සූරයා,correct,සූරයා
බූරුවා,correct,බූරුවා
වාක්‍ය,correct,වාක්‍ය
සෞඛ්‍ය,correct,සෞඛ්‍ය
රාජ්‍ය,correct,රාජ්‍ය
ද්‍රව්‍ය,correct,ද්‍රව්‍ය
1 කොන් පාපිල්ල,correct,1 කොන් පාපිල්ල
"ඛු , ඝු, චු, ජු, ඡූ, ඣු, ඤු",correct,"ඛු, ඝු, චු, ජු, ඡූ, ඣු, ඤු"
"ටු, ඨු, ඩු, ණු, ථු, දු, නු",correct,"ටු, ඨු, ඩු, ණු, ථු, දු, නු"
"අයියේ, සීනිබෝල ගෙනාවද ?",correct,"අයියේ, සීනිබෝල ගෙනාවද?"
එක් වර්ගයක වචන වෙන් කිරීමේ දී,correct,එක් වර්ගයක වචන වෙන් කිරීමේ දී
"සේරමත් අරගෙන, ආපහු එනවා .",correct,"සේරමත් අරගෙන, ආපහු එනවා."
හතරකින් විවේක අරගෙන එහෙ ලියුම්,correct,හතරකින් විවේක අරගෙන එහෙ ලියුම්
"උදා පැය අටකින් පිතාරවලට ගිහින්, පැය",correct,"උදා පැය අටකින් පිතාරවලට ගිහින්, පැය"
වඩාත් ඇලුම් කරමි,Punctuation,වඩාත් ඇලුම් කරමි.
3 උපාලි හා ජින්නා අතර සිදුවන වීරක්‍රියා,missing word/letter,3 උපාලි හා ජින්නා අතර සිදුවන වීර ක්‍රියා
කරමි .,correct,කරමි.
නිසා මම  එයට  වඩ  වඩාත් ඇලුම්,correct,නිසා මම එයට වඩ වඩාත් ඇලුම්
1. මාර්ටින් වික්‍රමසිංහ මහතා රචනා කල මඩොල්,correct,1. මාර්ටින් වික්‍රමසිංහ මහතා රචනා කල මඩොල්
දූව නම් ළමා නව කතා පොතට මම බොහෝ,correct,දූව නම් ළමා නව කතා පොතට මම බොහෝ
ප්‍රිය කරමි,Punctuation,ප්‍රිය කරමි.
එහි ඇති අපූරු සිතුවම් නිසා මම එයට,correct,එහි ඇති අපූරු සිතුවම් නිසා මම එයට
රූපවාහිනිය,correct,රූපවාහිනිය
1. ප්‍රබල සන්නිවේදන මාධ්‍යයක් වන රූපවාහිනිය,correct,1. ප්‍රබල සන්නිවේදන මාධ්‍යයක් වන රූපවාහිනිය
ජෝන් ලොගී බෙයාර්ඩ් මහතා ලොවට,correct,ජෝන් ලොගී බෙයාර්ඩ් මහතා ලොවට
හදුන්වා දුන්නේ ය,Punctuation,හදුන්වා දුන්නේ ය.
2. ශ්‍රව්‍ය දෘශ්‍ය සන්නිවේදන මාධ්‍යයක් වන,correct,2. ශ්‍රව්‍ය දෘශ්‍ය සන්නිවේදන මාධ්‍යයක් වන
රූපවාහිනිය ලොව තොරතුරු එසැණින් අප,correct,රූපවාහිනිය ලොව තොරතුරු එසැණින් අප
අප  වෙත  ගෙන එයි.,correct,අප වෙත ගෙන එයි.
"3 ආගමික , දේශාපාලික , ක්‍රීඩා,ආර්ථික හා",correct,"3 ආගමික, දේශාපාලික, ක්‍රීඩා, ආර්ථික හා"
සාමාජීය තොරතුරු ගෙන එන රූපවාහිනිය,correct,සාමාජීය තොරතුරු ගෙන එන රූපවාහිනිය
අපේ යහපැවත්මට  අපි භාවිතා කරමු.,correct,අපේ යහපැවත්මට අපි භාවිතා කරමු.
මම බොහෝ ප්‍රිය කරමි .,correct,මම බොහෝ ප්‍රිය කරමි.
පොලියානා නම් ළමා නව කතා පොතට,correct,පොලියානා නම් ළමා නව කතා පොතට
2. එහි ඇති පොලියානා නම් චරිතයට,correct,2. එහි ඇති පොලියානා නම් චරිතයට
3 එහි ඇති සතුටු බෙදන සෙල්ලමට,correct,3 එහි ඇති සතුටු බෙදන සෙල්ලමට
මා ගිය විනෝද ගමනක්,correct,මා ගිය විනෝද ගමනක්
1. මම පවුලේ අය සමඟ මාතලේ රිවස්ටන්,correct,1. මම පවුලේ අය සමඟ මාතලේ රිවස්ටන්
සිරි නැරඹීමට විනෝද චාරිකාවක් ගියෙමි.,correct,සිරි නැරඹීමට විනෝද චාරිකාවක් ගියෙමි.
"2. මීදුමෙන් වැසුණු කඳු  පන්ති,කඩා හැලෙන",correct,"2. මීදුමෙන් වැසුණු කඳු පන්ති, කඩා හැලෙන"
දිය ඇලි එහි ඇති ගස් වැල් දැක මම,correct,දිය ඇලි එහි ඇති ගස් වැල් දැක මම
සතුටු  වුණෙමි.,correct,සතුටු වුණෙමි.
"3. නටා, ගයා, වයා ආ ගිය එම විනෝද ගමනෙන්",correct,"3. නටා, ගයා, වයා ආ ගිය එම විනෝද ගමනෙන්"
මම බොහෝ සතුටට පත් වුණෙමි.,correct,මම බොහෝ සතුටට පත් වුණෙමි.
මුහුද,correct,මුහුද
තිබණා,correct,තිබණා
තඹුරු,correct,තඹුරු
සුදු,correct,සුදු
හැපුණා,correct,හැපුණා
1. මම පවුලේ අය සමඟ නුවරඑළිය සිරි,correct,1. මම පවුලේ අය සමඟ නුවරඑළිය සිරි
නැරඹීමට විනෝද චාරකාවක් ගියෙමි,Punctuation,නැරඹීමට විනෝද චාරකාවක් ගියෙමි.
"2. මීදුමෙන් වැසුණු කඳු  පන්ති, කඩා හැලෙන",correct,"2. මීදුමෙන් වැසුණු කඳු පන්ති, කඩා හැලෙන"
"දිය ඇලි, තේ වතු, මල් වතු දැක මම",correct,"දිය ඇලි, තේ වතු, මල් වතු දැක මම"
සතුටු  වුණෙමි.,correct,සතුටු වුණෙමි.
"3. නටා, ගයා, වයා ආ ගිය එම විනෝද",correct,"3. නටා, ගයා, වයා ආ ගිය එම විනෝද"
ගමනෙන් මම බොහෝ සතුටට පත් වුණෙමි.,correct,ගමනෙන් මම බොහෝ සතුටට පත් වුණෙමි.
අපද්‍රව්‍ය ජලයට එක් නොකර අපි ජල සම්පත සුරකිමු.,correct,අපද්‍රව්‍ය ජලයට එක් නොකර අපි ජල සම්පත සුරකිමු.
ජල සම්පත සුරකිමු .,correct,ජල සම්පත සුරකිමු.
කර අපි ජල සම්පත සුරකිමු.,correct,කර අපි ජල සම්පත සුරකිමු.
"1. කැඩී බිදී ගිය ජල නළ පද්ධති, ජල කරාම අලුත්වැඩියා",correct,"1. කැඩී බිදී ගිය ජල නළ පද්ධති, ජල කරාම අලුත්වැඩියා"
"2. සතුන්ගේ මළ මුත්‍රා, කර්මාන්තශාලා වලින් පැමිණෙන",correct,"2. සතුන්ගේ මළ මුත්‍රා, කර්මාන්තශාලා වලින් පැමිණෙන"
3 මිනිස් පරිභෝජනයට සීමිත වූ ජලයෙහි අගය අන් අයට,correct,3 මිනිස් පරිභෝජනයට සීමිත වූ ජලයෙහි අගය අන් අයට
"දේපළ පිරිසිදුව, පිළිවෙලට තබා ගනිමින් අපි ඒවා සුරකිමු.",correct,"දේපළ පිරිසිදුව, පිළිවෙලට තබා ගනිමින් අපි ඒවා සුරකිමු."
"2. අනවශ්‍ය ලෙස කඩා බිද නොදමින්, නිසි ලෙස",correct,"2. අනවශ්‍ය ලෙස කඩා බිද නොදමින්, නිසි ලෙස"
නඩත්තු කරමින් අපි පොදු දේපළ සුරැකීමු.,correct,නඩත්තු කරමින් අපි පොදු දේපළ සුරැකීමු.
"පාසල, පන්සල, බැංකුව, බස් නැවතුම වැනි පොදු",correct,"පාසල, පන්සල, බැංකුව, බස් නැවතුම වැනි පොදු"
මෙවැනි ස්ථානවල අගය සැමට වටහා දී අපි පොදු,correct,මෙවැනි ස්ථානවල අගය සැමට වටහා දී අපි පොදු
දේපළ සුරැකීමට දායක වෙමු.,correct,දේපළ සුරැකීමට දායක වෙමු.
පුදුමයි,correct,පුදුමයි
පුංචි,correct,පුංචි
දැණුනා,correct,දැණුනා
සිනිඳු,correct,සිනිඳු
වුණා,correct,වුණා
අලුත්,correct,අලුත්
මුළු,correct,මුළු
අත්තටු,correct,අත්තටු
ඔබ පරිසරයට අපූරු සුන්දරත්වයක් ගෙන දෙන,correct,ඔබ පරිසරයට අපූරු සුන්දරත්වයක් ගෙන දෙන
මම ගසක් වෙමි.,correct,මම ගසක් වෙමි.
වාතය ලබා දීමට මම සහය වෙමි,Punctuation,වාතය ලබා දීමට මම සහය වෙමි.
මම වටිනා දෙල් ගසක් වෙමි,Punctuation,මම වටිනා දෙල් ගසක් වෙමි.
"1. මිනිසාට අවශ්‍ය ආහාර , සෙවණ, සිසිලස හා පිරිසිදු",correct,"1. මිනිසාට අවශ්‍ය ආහාර, සෙවණ, සිසිලස හා පිරිසිදු"
අමතක නොකරමි.,correct,අමතක නොකරමි.
"සතුනට අවශ්‍ය ආහාර, වාසස්ථාන ලබා දීමට මම",correct,"සතුනට අවශ්‍ය ආහාර, වාසස්ථාන ලබා දීමට මම"
මම ගසක් වෙමි.,correct,මම ගසක් වෙමි.
"1. මිනිසාට අවශ්‍ය ආහාර , සෙවණ, සිසිලස හා පිරිසිදු",correct,"1. මිනිසාට අවශ්‍ය ආහාර, සෙවණ, සිසිලස හා පිරිසිදු"
වාතය ලබා දීමට මම සහය වෙමි,Punctuation,වාතය ලබා දීමට මම සහය වෙමි.
"2. සතුනට අවශ්‍ය ආහාර, වාසස්ථාන ලබා දීමට මම",correct,"2. සතුනට අවශ්‍ය ආහාර, වාසස්ථාන ලබා දීමට මම"
අමතක නොකරමි,Punctuation,අමතක නොකරමි.
3. ඔබ පරිසරයට අපූරු සුන්දරත්වයක් ගෙන දෙන,correct,3. ඔබ පරිසරයට අපූරු සුන්දරත්වයක් ගෙන දෙන
මම වටිනා දෙල් ගසක් වෙමි.,correct,මම වටිනා දෙල් ගසක් වෙමි.
අපගේ දෙවැනි මව් වැනි මගේ ගුරුතුමිය අප,correct,අපගේ දෙවැනි මව් වැනි මගේ ගුරුතුමිය අප
1. වර්ණවත් සාරිවලින් සැරසී ඇය උදයම පාසලට,correct,1. වර්ණවත් සාරිවලින් සැරසී ඇය උදයම පාසලට
පැමිණෙයි,correct,පැමිණෙයි
මගේ ආදරණීය ගුරුතුමිය,correct,මගේ ආදරණීය ගුරුතුමිය
2. යහපත් ගුණ ධර්ම හා අපට අවශ්‍ය විවිධ විෂය,correct,2. යහපත් ගුණ ධර්ම හා අපට අවශ්‍ය විවිධ විෂය
කොටස් ඇය මැණවින් උගන්වයි.,correct,කොටස් ඇය මැණවින් උගන්වයි.
මම හඳ මත පා තැබුවෙමි,Punctuation,මම හඳ මත පා තැබුවෙමි.
1. ගුරුත්වාකර්ෂණය අඩු යැයි දැන සිටි සඳහි දී,Vowel/diacritic,1. ගුරුත්වාකර්ෂණය අඩු යැයි දැන සිටි සඳෙහි දී
මා පාවී යන ආකාරය මම අත් දුටු වෙමි,Punctuation,මා පාවී යන ආකාරය මම අත් දුටු වෙමි.
තැන තැන වූ විශාල වලවල් දුටු මම පුදුමයට,correct,තැන තැන වූ විශාල වලවල් දුටු මම පුදුමයට
පත් වුණෙමි,Punctuation,පත් වුණෙමි.
හිරු කිරණ ලැබීමත් සමඟ සඳ ආලෝකමත් වූ,correct,හිරු කිරණ ලැබීමත් සමඟ සඳ ආලෝකමත් වූ
අයුරු මම දුටුවෙමි,Punctuation,අයුරු මම දුටුවෙමි
ඔරලෝසුව මමයි,Punctuation,ඔරලෝසුව මමයි.
1. නිසි කලට වැඩ කරන ඔබට අවැසි වේලාව,correct,1. නිසි කලට වැඩ කරන ඔබට අවැසි වේලාව
මම නිවැරදිව ලබා දෙමි.,correct,මම නිවැරදිව ලබා දෙමි.
"2 පැය කටුව ,මිනිත්තු කටුව, තප්පර කටුව හා මම",correct,"2 පැය කටුව, මිනිත්තු කටුව, තප්පර කටුව හා මම"
විහිසුරුවම වැඩ කරමි.,correct,විහිසුරුවම වැඩ කරමි.
3 නිවසේ බිත්තියක රැඳී සිටින මා ඔබ බලන,correct,3 නිවසේ බිත්තියක රැඳී සිටින මා ඔබ බලන
වාරයක් පාසා මම සතුටු වෙමි.,correct,වාරයක් පාසා මම සතුටු වෙමි.
යහපත් ආහාර රටාවකට හුරු වෙමු.,correct,යහපත් ආහාර රටාවකට හුරු වෙමු.
අපි දිනකට නියමිත ප්‍රධාන ආහාර වේල් තුන,correct,අපි දිනකට නියමිත ප්‍රධාන ආහාර වේල් තුන
නිසි කළට ගෙන  යහපත් ආහාර රටාවකට හුරු,correct,නිසි කළට ගෙන යහපත් ආහාර රටාවකට හුරු
වෙමු,correct,වෙමු
"2 තෙල්, මිරිස්, ලුණු, සීනි අධික ආහාර මෙන්ම",correct,"2 තෙල්, මිරිස්, ලුණු, සීනි අධික ආහාර මෙන්ම"
ක්ෂණික ආහාර භාවිතයෙන් ඈත් වී  අපි යහපත්,correct,ක්ෂණික ආහාර භාවිතයෙන් ඈත් වී අපි යහපත්
ආහාර රටාවකට හුරු වෙමු.,correct,ආහාර රටාවකට හුරු වෙමු.
3 හැකි සෑම විටම පෝෂ්‍යදායී ආහාර වේලක්,correct,3 හැකි සෑම විටම පෝෂ්‍යදායී ආහාර වේලක්
ගෙන අපි යහපත් ආහාර රටාවකට හුරු වෙමු.,correct,ගෙන අපි යහපත් ආහාර රටාවකට හුරු වෙමු.
ගෘහය අසළ තෘණ භූමියක් තියෙ,missing word/letter,ගෘහය අසළ තෘණ භූමියක් තියෙයි
ගෘහය අසළ තෘණ භූමියක් තියෙ,Punctuation,ගෘහය අසළ තෘණ භූමියක් තියෙයි.
2 මේ කෘතිය කියවන්න,Punctuation,2 මේ කෘතිය කියවන්න.
3 වෘත්තයක් අඳින්න,Punctuation,3 වෘත්තයක් අඳින්න.
කාලයේ වටිනාකම,correct,කාලයේ වටිනාකම
1 ගෙවී ගිය කාලය නැවත ලබා ගත නොහැකි නිසා,correct,1 ගෙවී ගිය කාලය නැවත ලබා ගත නොහැකි නිසා
කාලය රන් හා සමාන බව අපි දනිමු.,correct,කාලය රන් හා සමාන බව අපි දනිමු.
"2 ක්‍රීඩාවේ යෙදුනු ධාවකයෙකුටත්, ශල්‍ය කර්මයක  යෙදෙන",correct,"2 ක්‍රීඩාවේ යෙදුනු ධාවකයෙකුටත්, ශල්‍ය කර්මයක යෙදෙන"
"රෝගියෙකුටත් , බරපතළ රිය අනතුරකදීත් කාලයේ",correct,"රෝගියෙකුටත්, බරපතළ රිය අනතුරකදීත් කාලයේ"
වටිනාකම ගැන අපි දනිමු.,correct,වටිනාකම ගැන අපි දනිමු.
"දරුවෙකු මෙළොව  බිහිවන විටත්,විවිධ සුභ කටයුතු",correct,"දරුවෙකු මෙළොව බිහිවන විටත්, විවිධ සුභ කටයුතු"
සදහාද වැදගත් වන කාලය අපි නිසි ලෙස,Retroflex,සඳහාද වැදගත් වන කාලය අපි නිසි ලෙස
ප්‍රයෝජනයට ගනිමු.,correct,ප්‍රයෝජනයට ගනිමු.
මගේ ගෙවත්‍තේ පලදාව ලබා ගන්නා දවස ළඟයි,Punctuation,මගේ ගෙවත්‍තේ පලදාව ලබා ගන්නා දවස ළඟයි.
"1 මගේ ගෙවත්තේ සෑම පැළයකම, වැලකම වූ ළපටි",correct,"1 මගේ ගෙවත්තේ සෑම පැළයකම, වැලකම වූ ළපටි"
"ගෙඩි, කරල් ළඟම දවසක හොඳ පලඳාවක් වන බව",Retroflex,"ගෙඩි, කරල් ළඟම දවසක හොඳ පලදාවක් වන බව"
මම දනිමි.,correct,මම දනිමි.
2 එම අස්වැන්න රැකගැනීමට මෙම දිනාවල මම,correct,2 එම අස්වැන්න රැකගැනීමට මෙම දිනාවල මම
බොහෝ වෙහෙසෙමි.,correct,බොහෝ වෙහෙසෙමි.
3 කෘමි උවදුරෙන් මෙන් ද කුරුලු කොබෙයියන්ගෙන් ද,correct,3 කෘමි උවදුරෙන් මෙන් ද කුරුලු කොබෙයියන්ගෙන් ද
ආරක්ෂා කර ගනිමින් නුදුරු දිනයක මම සරු,correct,ආරක්ෂා කර ගනිමින් නුදුරු දිනයක මම සරු
පලදාව ලබා ගනිමි.,correct,පලදාව ලබා ගනිමි.
මම මහ මුහුද  වෙමි.,correct,මම මහ මුහුද වෙමි.
නිල්වන් ජලකඳක්  දරා සිටින මම විශාල මත්ස්‍ය,missing word/letter,නිල්වන් ජලකඳක් දරා සිටින මම විශාල මත්ස්‍යයන්
යන් පිරිසකට රැකවරණය සලසමි.,correct,යන් පිරිසකට රැකවරණය සලසමි.
ලොකු කුඩා කවුරුත් ප්‍රිය කරන මහ සයුර  මා,correct,ලොකු කුඩා කවුරුත් ප්‍රිය කරන මහ සයුර මා
වන අතර මම බොහෝ ආඩම්බරයෙන් කල්,correct,වන අතර මම බොහෝ ආඩම්බරයෙන් කල්
ගෙවමි.,correct,ගෙවමි.
"රටවල් අතර විශාල නැව්, බෝට්ටු යාත්‍රා",correct,"රටවල් අතර විශාල නැව්, බෝට්ටු යාත්‍රා"
කරවීමට ඉඩ ලබාදෙමින් මම ප්‍රවාහනයට ද,Word boundary,කරවීමට ඉඩ ලබා දෙමින් මම ප්‍රවාහනයට ද
උදවු කරමි.,correct,උදවු කරමි.
"ලුණු නිපදවීම, ධීවර කර්මාන්තය, සංචාරක",correct,"ලුණු නිපදවීම, ධීවර කර්මාන්තය, සංචාරක"
කර්මාන්තය මම ඍජුවම දායක වෙමි.,correct,කර්මාන්තය මම ඍජුවම දායක වෙමි.
මා හා ජීවත් වන සියලු ජීවීන් සමඟ,correct,මා හා ජීවත් වන සියලු ජීවීන් සමඟ
මම ඉතා කුළුපගව කටයුතු කරමි.,correct,මම ඉතා කුළුපගව කටයුතු කරමි.
මා ගිය විනෝද චාරිකාව,correct,මා ගිය විනෝද චාරිකාව
දිය ඇළි දැක මම සතුටු වුණෙමි,Punctuation,දිය ඇළි දැක මම සතුටු වුණෙමි.
3 මල් වතු සහ තේ වතු කඩා හැලෙන,correct,3 මල් වතු සහ තේ වතු කඩා හැලෙන
නැරඹීමට විනෝද චාරිකාවක් ගියෙමි,Punctuation,නැරඹීමට විනෝද චාරිකාවක් ගියෙමි.
මම පවුලේ අය සමඟ නුවරඑළියේ සිරි,correct,මම පවුලේ අය සමඟ නුවරඑළියේ සිරි
නැරඹීමට ගියෙමි,Punctuation,නැරඹීමට ගියෙමි.
මා ගිය චාරිකාවේ සීත කඳු සහ දිය ඇළි,correct,මා ගිය චාරිකාවේ සීත කඳු සහ දිය ඇළි
මාලය,correct,මාලය
ශෛල,correct,ශෛල
කේතලය,correct,කේතලය
ගුරුතුමා,correct,ගුරුතුමා
සීගිරිය,correct,සීගිරිය
කෑරලා,correct,කෑරලා
වැස්ස,correct,වැස්ස
"1 කැඩී බිදී ගිය ජල නළ පද්ධති, ජල කරාම",correct,"1 කැඩී බිදී ගිය ජල නළ පද්ධති, ජල කරාම"
3 මිනිස් පරිභෝජනයට ජලය අවශ්‍ය වන බව,correct,3 මිනිස් පරිභෝජනයට ජලය අවශ්‍ය වන බව
අපි වැළකී සිටිමු.,correct,අපි වැළකී සිටිමු.
"2. ජලයට සතුන්ව මළ මුත්‍රා, කුණු කසළ දැමීමෙන්",correct,"2. ජලයට සතුන්ව මළ මුත්‍රා, කුණු කසළ දැමීමෙන්"
පිළිසකර කර අපි ජල සම්පත සුරකිමු.,correct,පිළිසකර කර අපි ජල සම්පත සුරකිමු.
මම හඳ මත පා තැබුවෙමි.,correct,මම හඳ මත පා තැබුවෙමි.
ගුරුත්වාකර්ෂණය අඩු යැයි දැන සිටි සඳහි දී,Vowel/diacritic,ගුරුත්වාකර්ෂණය අඩු යැයි දැන සිටි සඳෙහි දී
මා පාවී යන ආකාරය මම අත් දුටුවෙමි.,correct,මා පාවී යන ආකාරය මම අත් දුටුවෙමි.
තැන තැන වූ විශාල වලවල් දුටු මම,correct,තැන තැන වූ විශාල වලවල් දුටු මම
පුදුමයට පත් වුණෙමි.,correct,පුදුමයට පත් වුණෙමි.
හිරු කිරණ ලැබීමත් සමඟ සඳ ආලෝකමත්,correct,හිරු කිරණ ලැබීමත් සමඟ සඳ ආලෝකමත්
වූ ආකාරය මම දුටුවෙමි,Punctuation,වූ ආකාරය මම දුටුවෙමි.
නඩත්තු කරමින් අපි පොදු දේපළ සුරැකීමු.,correct,නඩත්තු කරමින් අපි පොදු දේපළ සුරැකීමු.
"2 අවෂ්‍යලෙස කඩා බිද නොදමින්, නිසි ලෙස",Retroflex,"2 අවශ්‍යලෙස කඩා බිද නොදමින්, නිසි ලෙස"
"2 අවෂ්‍යලෙස කඩා බිද නොදමින්, නිසි ලෙස",Word boundary,"2 අවශ්‍ය ලෙස කඩා බිද නොදමින්, නිසි ලෙස"
"පාසල, පන්සල, බැංකුව, බස් නැවතුම වැනි",correct,"පාසල, පන්සල, බැංකුව, බස් නැවතුම වැනි"
"පොදු දේපළ පිරිසිදුව, පිළිවෙලට තබා",correct,"පොදු දේපළ පිරිසිදුව, පිළිවෙලට තබා"
ගනිමින් අපි ඒවා සුරකිමු.,correct,ගනිමින් අපි ඒවා සුරකිමු.
පොදු දේපළ සුරකිමු.,correct,පොදු දේපළ සුරකිමු.
3 මෙවැනි ස්ථානවල අගය සැමට වට හා,correct,3 මෙවැනි ස්ථානවල අගය සැමට වට හා
දී අපි පොදු දේපළ සුරැකීමට දායද,correct,දී අපි පොදු දේපළ සුරැකීමට දායද
යහපත් ආහාර රටාවකට,correct,යහපත් ආහාර රටාවකට
හරු වෙමු.,correct,හරු වෙමු.
1 අපි දිනකට නියමිත ප්‍රධාන ආහාර වේල්,correct,1 අපි දිනකට නියමිත ප්‍රධාන ආහාර වේල්
තුන නිසි කළට ගෙන  යහපත්,correct,තුන නිසි කළට ගෙන යහපත්
ආහාර රටාවකට හුරු වෙමු.,correct,ආහාර රටාවකට හුරු වෙමු.
"තෙල්, මිරිස්,සීනි, ලුණු අධික ආහාර මෙන්ම",correct,"තෙල්, මිරිස්, සීනි, ලුණු අධික ආහාර මෙන්ම"
ක්ෂණික ආහාර ආහාර වලින් ඈත් වී ඇපි,Vowel/diacritic,ක්ෂණික ආහාර ආහාර වලින් ඈත් වී අපි
යහපත් ආහාර රටාවකට හුරු වෙමු,Punctuation,යහපත් ආහාර රටාවකට හුරු වෙමු.
2 හැකි සෑම විටම පෝෂ්‍ය දායී ආහාර,missing word/letter,2 හැකි සෑම විටම පෝෂ්‍යදායී ආහාර
ඔරලෝසුව මමයි.,correct,ඔරලෝසුව මමයි.
නිසි කළට වැඩ කිරීමට මම  ඔබට වේලාව,correct,නිසි කළට වැඩ කිරීමට මම ඔබට වේලාව
කියා දෙමි.,correct,කියා දෙමි.
"පැය කටුව ,මිනිත්තු කටුව, තත්පර කටුව සමඟ",correct,"පැය කටුව, මිනිත්තු කටුව, තත්පර කටුව සමඟ"
මම  සහයෝගයෙන් වැඩ කරමි.,correct,මම සහයෝගයෙන් වැඩ කරමි.
බිත්තියක රැඳී සිටින මම ඔබ බලන,correct,බිත්තියක රැඳී සිටින මම ඔබ බලන
වාරයක් පාසා සතුටු වෙමි.,correct,වාරයක් පාසා සතුටු වෙමි.
යුගල පද භාවිතයෙන් වැකි සාදමු .,correct,යුගල පද භාවිතයෙන් වැකි සාදමු.
අයියා සහ අක්කා අනම් මනම් කතා කරති.,correct,අයියා සහ අක්කා අනම් මනම් කතා කරති.
ගමේ මිනිස්සු වාද විවාද කරති.,correct,ගමේ මිනිස්සු වාද විවාද කරති.
යාචකයාට ළමයි විහිළු තහළු කරති.,correct,යාචකයාට ළමයි විහිළු තහළු කරති.
"මැජික් කරුවා ගේ වේදිකාවේ ""අරුම පුදුම මැජික්""",correct,"මැජික් කරුවා ගේ වේදිකාවේ ""අරුම පුදුම මැජික්"""
යනුවෙන් පුවරුවක් තිබෙයි.,correct,යනුවෙන් පුවරුවක් තිබෙයි.
තාත්තා අලුත් අවුරුදු දවසට පෙර අස්සක් මුල්ලක් නෑර,correct,තාත්තා අලුත් අවුරුදු දවසට පෙර අස්සක් මුල්ලක් නෑර
පිරිසිදු කරයි.,correct,පිරිසිදු කරයි.
ලොකු පොඩි කවුරුත් ප්‍රිය කරන මහ,correct,ලොකු පොඩි කවුරුත් ප්‍රිය කරන මහ
නිල්වන් ජලකඳක්  දරා සිටින මම,correct,නිල්වන් ජලකඳක් දරා සිටින මම
විශාල මත්ස්‍යයන් රැකරණය සළසමි,Punctuation,විශාල මත්ස්‍යයන් රැකරණය සළසමි.
කළ් ගෙවමි.,Retroflex,කල් ගෙවමි.
සයුර වන මා බොහෝ ආඩම්බරයෙන්,correct,සයුර වන මා බොහෝ ආඩම්බරයෙන්
"රටවල් අතර බොහෝ විශාල නැව්,",correct,"රටවල් අතර බොහෝ විශාල නැව්,"
බෝට්ටු යාත්‍රා කරන්නට මම ඉඩ ලබා,correct,බෝට්ටු යාත්‍රා කරන්නට මම ඉඩ ලබා
අසා ලිවීම,correct,අසා ලිවීම
1 කෘෂි කර්මාන්තයේ  දි කෘතිම කෘමි,correct,1 කෘෂි කර්මාන්තයේ දි කෘතිම කෘමි
නාශක භාවිතයෙන් වැළකීම වැදගත්,correct,නාශක භාවිතයෙන් වැළකීම වැදගත්
2 රූපවාහිනිය ශ්‍රවය දෘශ්‍ය සන්නිවේදන,correct,2 රූපවාහිනිය ශ්‍රවය දෘශ්‍ය සන්නිවේදන
උපකරණයකි.,correct,උපකරණයකි.
3 නළුවෝ නෘත්‍ය ශාලාවට ප්‍රවිෂ්ට වෙති.,correct,3 නළුවෝ නෘත්‍ය ශාලාවට ප්‍රවිෂ්ට වෙති.
සියලු දෙනා ගැන නිතර සොයා බලයි.,correct,සියලු දෙනා ගැන නිතර සොයා බලයි.
දබරැගිල්ල,Retroflex,දබරැඟිල්ල
දබරැගිල්ල,Retroflex,දබරැඟිල්ල
දබරැගිල්ල,Retroflex,දබරැඟිල්ල
මැදැගිල්ල,Retroflex,මැදැඟිල්ල
මැදැගිල්ල,Retroflex,මැදැඟිල්ල
මැදැගිල්ල,Retroflex,මැදැඟිල්ල
ගිණිමැල,correct,ගිණිමැල
කෙකටිය,correct,කෙකටිය
මේසය,correct,මේසය
බෝතලය,correct,බෝතලය
වෘත්තය,correct,වෘත්තය
ධෛර්ය,correct,ධෛර්ය
ක්‍රමය,correct,ක්‍රමය
ගාථාව,correct,ගාථාව
වීමර්ෂණ,correct,වීමර්ෂණ
පොළඟා,correct,පොළඟා
ප්‍රහේලිකාව,correct,ප්‍රහේලිකාව
නිරූවණය,Retroflex,නිරූපණය
නිරූපණය,correct,නිරූපණය
ප්‍රශ්නාර්ථ ලකුණ (?),correct,ප්‍රශ්නාර්ථ ලකුණ (? )
* යම් වාක්‍යයකින් ප්‍රශ්නයක් අසන්නේ නම්,correct,* යම් වාක්‍යයකින් ප්‍රශ්නයක් අසන්නේ නම්
* ප්‍රශ්න පදය කුමන ස්ථානයේ තිබුණ ද,correct,* ප්‍රශ්න පදය කුමන ස්ථානයේ තිබුණ ද
වාක්‍යය  අවසානයේ ? යොදයි.,correct,වාක්‍යය අවසානයේ? යොදයි.
"විස්මයාදී ලකුණ, හර්ෂයාදී ලකුණ, තිත් හුල",correct,"විස්මයාදී ලකුණ, හර්ෂයාදී ලකුණ, තිත් හුල"
පුදුමයක් හැඟවීමේ දී,correct,පුදුමයක් හැඟවීමේ දී
පාර්ථනාවක දී,correct,පාර්ථනාවක දී
සතුටක දී,correct,සතුටක දී
ශෝකයක්‍ දී,Vowel/diacritic,ශෝකයක දී
"කැඩී බිදී ගිය නළ පද්ධති, ජල කරාම අලුත්වැඩියා",correct,"කැඩී බිදී ගිය නළ පද්ධති, ජල කරාම අලුත්වැඩියා"
කර අපි ජල සම්පත සුරකිමු.,correct,කර අපි ජල සම්පත සුරකිමු.
"සත්ත්ව මළ මුත්‍රා, කර්මාන්තශාලා වල  අපද්‍රව්‍ය අපි",correct,"සත්ත්ව මළ මුත්‍රා, කර්මාන්තශාලා වල අපද්‍රව්‍ය අපි"
ජලයට මුසු නොකර අපි ජල සම්පත සුරකිමු.,correct,ජලයට මුසු නොකර අපි ජල සම්පත සුරකිමු.
මිනිස් පරිභෝජනයට සීමිත වූ ජලයේ අගය,correct,මිනිස් පරිභෝජනයට සීමිත වූ ජලයේ අගය
සැමට කියා දී අපි ජල සම්පත සුරකිමු.,correct,සැමට කියා දී අපි ජල සම්පත සුරකිමු.
මම හඳ මතට පා තැබුවෙමි,Punctuation,මම හඳ මතට පා තැබුවෙමි.
ගුරුත්වාකර්ෂණය අඩු යැයි දැන සිටි සඳහි දී මා,Vowel/diacritic,ගුරුත්වාකර්ෂණය අඩු යැයි දැන සිටි සඳහි දී මා
පාවී යන ආකාරය මම දත් දුටුවෙමි.,Retroflex,පාවී යන ආකාරය මම අත් දුටුවෙමි.
තැන තැන වූ විශාල වලවල් දුටු මම පුදුමයට පත්,correct,තැන තැන වූ විශාල වලවල් දුටු මම පුදුමයට පත්
වුණෙමි.,correct,වුණෙමි.
හිරු කිරණ දැවී මත් සමඟ සඳ ආලෝකමත් වූ අයුරු,missing word/letter,හිරු කිරණ දැවීමත් සමඟ සඳ ආලෝකමත් වූ අයුරු
අකාරාදි පිළිවෙළට ලියන්න,Punctuation,අකාරාදි පිළිවෙළට ලියන්න.
"යසිදු, සෙත්වි, ඉෂාන්,මින්තක, ශස්මිණ.",correct,"යසිදු, සෙත්වි, ඉෂාන්, මින්තක, ශස්මිණ."
"සඳැසි, බවිඳු,වත්මා, හිරුන්, නෙතුමි.",correct,"සඳැසි, බවිඳු, වත්මා, හිරුන්, නෙතුමි."
"චාතූර්, බෙවින්දි, ටුනාල්, සෙනිරු, යුහස්",correct,"චාතූර්, බෙවින්දි, ටුනාල්, සෙනිරු, යුහස්"
"විනුදි, තෂ්මිල, ඉමිර, චෙනුල්, කෙමිඳු",correct,"විනුදි, තෂ්මිල, ඉමිර, චෙනුල්, කෙමිඳු"
"සෙනුදි, දෙසදි , ඕෂධී, මනීෂා, යෙතුල",correct,"සෙනුදි, දෙසදි, ඕෂධී, මනීෂා, යෙතුල"
"චතුලි, සුමෙත්යා, දහම්සා, ටෙනායා, රිතික",correct,"චතුලි, සුමෙත්යා, දහම්සා, ටෙනායා, රිතික"
කෘෂි කර්මාන්තයේ  දි කෘතිම කෘමිනාශක,correct,කෘෂි කර්මාන්තයේ දි කෘතිම කෘමිනාශක
භාවිතයෙන් වැළකීම වැදගත් ය.,correct,භාවිතයෙන් වැළකීම වැදගත් ය.
රූපවාහිනිය ශ්‍රවය දෘශ්‍ය සන්නිවේදන,correct,රූපවාහිනිය ශ්‍රවය දෘශ්‍ය සන්නිවේදන
වෛද්‍යවරයා,correct,වෛද්‍යවරයා
2 පුණ්‍ය,correct,2 පුණ්‍ය
3 රාජ්‍ය,correct,3 රාජ්‍ය
4 රම්‍ය,correct,4 රම්‍ය
5 චෛත්‍යය,correct,5 චෛත්‍යය
රුවල,correct,රුවල
ගුහාව,correct,ගුහාව
පුටුව,correct,පුටුව
දුන්න,correct,දුන්න
කුඩය,correct,කුඩය
මුදුව,correct,මුදුව
මා කැමතිම කතා පොත,correct,මා කැමතිම කතා පොත
1. මාර්ටින් වික්‍රමසිංහ මහතා රචනා කල මඩොල්,correct,1. මාර්ටින් වික්‍රමසිංහ මහතා රචනා කල මඩොල්
දූව නම් ළමා නව කතා පොතට මම බොහෝ,correct,දූව නම් ළමා නව කතා පොතට මම බොහෝ
ප්‍රිය කරමි,Punctuation,ප්‍රිය කරමි.
2. එහි ඇති අපූරු සිතුවම් නිසා මම එයට,correct,2. එහි ඇති අපූරු සිතුවම් නිසා මම එයට
වඩාත් ඇලුම් කරමි,Punctuation,වඩාත් ඇලුම් කරමි.
3. උපාලි හා ජින්නා අතර සිදුවන වීරක්‍රියා,missing word/letter,3. උපාලි හා ජින්නා අතර සිදුවන වීර ක්‍රියා
නිසා මම  එයට  වඩ  වඩාත් ඇලුම්,correct,නිසා මම එයට වඩ වඩාත් ඇලුම්
රූපවාහිනිය,correct,රූපවාහිනිය
1. ප්‍රබල සන්නිවේදන මාධ්‍යයක් වන රූපවාහිනිය,correct,1. ප්‍රබල සන්නිවේදන මාධ්‍යයක් වන රූපවාහිනිය
ජෝන් ලොගී බෙයාර්ඩ් මහතා ලොවට,correct,ජෝන් ලොගී බෙයාර්ඩ් මහතා ලොවට
හදුන්වා දුන්නේය,missing word/letter,හදුන්වා දුන්නේ ය
හදුන්වා දුන්නේය,Punctuation,හදුන්වා දුන්නේ ය.
2 ශ්‍රව්‍ය දෘශ්‍ය සන්නිවේදන මාධ්‍යයක් වන,correct,2 ශ්‍රව්‍ය දෘශ්‍ය සන්නිවේදන මාධ්‍යයක් වන
රූපවාහිනිය ලොව තොරතුරු එසැණින් අප,correct,රූපවාහිනිය ලොව තොරතුරු එසැණින් අප
අප  වෙත  ගෙන එයි.,correct,අප වෙත ගෙන එයි.
"3 ආගමික , දේශාපාලික , ක්‍රීඩා,ආර්ථික හා",correct,"3 ආගමික, දේශාපාලික, ක්‍රීඩා, ආර්ථික හා"
සාමාජීය තොරතුරු ගෙන එන රූපවාහිනිය,correct,සාමාජීය තොරතුරු ගෙන එන රූපවාහිනිය
අපේ යහපැවත්මට  අපි භාවිතා කරමු,Punctuation,අපේ යහපැවත්මට අපි භාවිතා කරමු.
මා ගිය විනෝද ගමනක්,correct,මා ගිය විනෝද ගමනක්
1. මම පවුලේ අය සමඟ මාතලේ රිවස්ටන්,correct,1. මම පවුලේ අය සමඟ මාතලේ රිවස්ටන්
සිරි නැරඹීමට විනෝද චාරිකාවක් ගියෙමි,correct,සිරි නැරඹීමට විනෝද චාරිකාවක් ගියෙමි.
"2. මීදුමෙන් වැසුණු කඳු  පන්ති,කඩා හැලෙන",correct,"2. මීදුමෙන් වැසුණු කඳු පන්ති, කඩා හැලෙන"
දිය ඇලි එහි ඇති ගස් වැල් දැක මම,Retroflex,දිය ඇළි එහි ඇති ගස් වැල් දැක මම
සතුටු වුණෙමි.,correct,සතුටු වුණෙමි.
"3. නටා, ගයා, වයා ආ ගිය එම විනෝද ගමනෙන්",correct,"3. නටා, ගයා, වයා ආ ගිය එම විනෝද ගමනෙන්"
මම බොහෝ සතුටට පත් වුණෙමි.,correct,මම බොහෝ සතුටට පත් වුණෙමි.
යුගල උඩු කොමාව.,correct,යුගල උඩු කොමාව.
යුගල උඩු කොමාව යොදනු,correct,යුගල උඩු කොමාව යොදනු
ලැබෙයි,Vowel/diacritic,ලැබෙයි
*  කෙනෙක් කියන ලද දෙයකට,correct,* කෙනෙක් කියන ලද දෙයකට
සහ යමකින් උපුටා ගැනීමේදී,correct,සහ යමකින් උපුටා ගැනීමේදී
"""මමත් එනවා."" නංගී කිව්වා ය.",correct,"""මමත් එනවා."" නංගී කිව්වා ය."
උදෑසන අසිරිමත් කරයි.,correct,උදෑසන අසිරිමත් කරයි.
මඳ සුළඟට පිපී  නැළවෙන  පූෂ්පයෝ උදෑසන අසිරිමත්,correct,මඳ සුළඟට පිපී නැළවෙන පූෂ්පයෝ උදෑසන අසිරිමත්
උදෑසනක  අසිරිය.,correct,උදෑසනක අසිරිය.
මීදුම් සලු පෙරවු කඳු අතරින් නැග එන හිරුකුමරා,Word boundary,මීදුම් සලු පෙරවු කඳු අතරින් නැග එන හිරු කුමරා
කරති.,correct,කරති.
"දසතින් ඇසෙන කුරුලු ගීතය, සුදු කොක් රෑනක සේ",correct,"දසතින් ඇසෙන කුරුලු ගීතය, සුදු කොක් රෑනක සේ"
පාසල වෙත පිය නගන සිසූහු උදෑසන තව තවත්,correct,පාසල වෙත පිය නගන සිසූහු උදෑසන තව තවත්
අසිරිමත් කරති.,correct,අසිරිමත් කරති.
ඒ කොහොමද සීයේ මනුක ඇසුවා,Punctuation,"""ඒ කොහොමද සීයේ"" මනුක ඇසුවා."
"හවසට ආප්ප, පිට්ටු ඉඳි ආප්ප විකිණීමට",correct,"හවසට ආප්ප, පිට්ටු ඉඳි ආප්ප විකිණීමට"
තෑග්ග දුටු නිමල් ෂා හරිම ලස්සනයි කිව්වා,Punctuation,"තෑග්ග දුටු නිමල් ""ෂා හරිම ලස්සනයි"" කිව්වා"
පුතේ ඔයා මෙහෙට එනව ද,Punctuation,පුතේ ඔයා මෙහෙට එනව ද?
පත්තරේ දානවා යනුවෙන් හඳුන්වන්නේ,correct,පත්තරේ දානවා යනුවෙන් හඳුන්වන්නේ
අර තනි කකුලෙ මේසයක් කවීෂා කිව්වා,Punctuation,"""අර තනි කකුලෙ මේසයක්"" කවීෂා කිව්වා."
ඔබද මේක ලිව්වේ,Punctuation,ඔබද මේක ලිව්වේ?
ග ජ ඩ ද බ,correct,ග ජ ඩ ද බ
2 මහප්‍රාණ අක්ෂර,correct,2 මහප්‍රාණ අක්ෂර
ඛ ඡ ඪ ථ ඵ,correct,ඛ ඡ ඪ ථ ඵ
අලපප්‍රාණ අක්ෂර,Vowel/diacritic,අල්පප්‍රාණ අක්ෂර
ඝ ඣ ඪ ධ භ,correct,ඝ ඣ ඪ ධ භ
ක ච ට ත ප,correct,ක ච ට ත ප
3. මුර්ධජ් අක්ෂර - 3 කි,correct,3. මුර්ධජ් අක්ෂර - 3 කි
ණ ළ ෂ,correct,ණ ළ ෂ
5. සඤ්ඤක අක්ෂර - 5 කි,correct,5. සඤ්ඤක අක්ෂර - 5 කි
උගතා මනා ශිල්පය ම යි මතු රැකෙනා.,correct,උගතා මනා ශිල්පය ම යි මතු රැකෙනා.
උගතා මනා ශිල්පය ම යි මතු රැකෙනා,correct,උගතා මනා ශිල්පය ම යි මතු රැකෙනා
විස්තර කථන,correct,විස්තර කථන
පාසලේ පැවැත්වෙන ක්‍රීඩා උත්සවයක්,correct,පාසලේ පැවැත්වෙන ක්‍රීඩා උත්සවයක්
ගොඩනැගිල්ලක් විවෘත කිරීමක්,correct,ගොඩනැගිල්ලක් විවෘත කිරීම
පොළක්,correct,පොළක්
"ක්‍රිකට්, ෆිට්බෝල් වැනි ක්‍රීඩා පැවැත්වෙන අවස්ථා -",Vowel/diacritic,"ක්‍රිකට්, ෆුට්බෝල් වැනි ක්‍රීඩා පැවැත්වෙන අවස්ථා -"
පෙරහැරක් . . . .ආදි,correct,පෙරහැරක්... ආදීි
චරිතා රෝපිත ව ලිවීම කියවීම,Word boundary,චරිතාරෝපිත ව ලිවීම කියවීම
මම පවතක් වෙමි.,correct,මම පවතක් වෙමි.
තීන්ත හා කඩදාසි යොදාගෙන මම මුද්‍රණ,correct,තීන්ත හා කඩදාසි යොදාගෙන මම මුද්‍රණ
යන්ත්‍රයෙන් උපත ලබමි.,correct,යන්ත්‍රයෙන් උපත ලබමි.
"රටේ සිදුවන වැදගත් සිදුවීම්, වෙනස්කම්",correct,"රටේ සිදුවන වැදගත් සිදුවීම්, වෙනස්කම්"
හා දැන්වීම් ආදිය මගෙන් දැනගත හැකි,correct,හා දැන්වීම් ආදිය මගෙන් දැනගත හැකි
ලොකු කුඩා සෑම දෙනාගේ ම දැනුම වර්ධනය,missing word/letter,ලොකු කුඩා සෑම දෙනාගේ ම දැනුම වර්ධ
ය සඳහා මම විශාල මෙහෙරක් ඉටු කරමි.,correct,ය සඳහා මම විශාල මෙහෙරක් ඉටු කරමි.
මම ගුරුවරියෙක් වෙමි.,correct,මම ගුරුවරියෙක් වෙමි.
මම සෑම දරුවෙකුටම එක සේ සලකමි,Punctuation,මම සෑම දරුවෙකුටම එක සේ සලකමි.
දැනුම මෙන්ම හොඳ ආකල්ප මම,correct,දැනුම මෙන්ම හොඳ ආකල්ප මම
න්ට ලබා දෙමි.,correct,න්ට ලබා දෙමි.
හොඳින් ඉගෙන ගන්නා දරුවන් දැකීමෙන්,correct,හොඳින් ඉගෙන ගන්නා දරුවන් දැකීමෙන්
මා හට සතුටක් ගෙන දෙයි.,correct,මා හට සතුටක් ගෙන දෙයි.
ඉගෙන ගැනීමට කම්මැළි ළමුන් දකිනා,correct,ඉගෙන ගැනීමට කම්මැළි ළමුන් දකිනා
විට මා හට දුකක් ගෙන දෙයි.,correct,විට මා හට දුකක් ගෙන දෙයි.
මගෙන් ඉගෙන ගත් දරුවන් රටට,correct,මගෙන් ඉගෙන ගත් දරුවන් රටට
වැඩදායි දරුවකු වනු දැකීම මාගේ,correct,වැඩදායි දරුවකු වනු දැකීම මාගේ
එකම බලාපොරොත්තුවයි.,correct,එකම බලාපොරොත්තුවයි.
යෙදෙන වචන ලි,correct,යෙදෙන වචන ලි
රුලං,correct,රුලං
සුළඟ,correct,සුළඟ
විස්තර කථන,correct,විස්තර කථන
"යම් අවස්ථාවක්, සිද්ධියක්, දෙස බලා සිට ඒ පිළිබඳ ව",correct,"යම් අවස්ථාවක්, සිද්ධියක්, දෙස බලා සිට ඒ පිළිබඳව"
විස්තර කර දීම විස්තර කථනයක් ලෙසින් හඳුන්වයි,Punctuation,විස්තර කර දීම විස්තර කථනයක් ලෙසින් හඳුන්වයි.
"ක්‍රිකට්, ෆුට්බෝල් වැනි ක්‍රීඩා පැවැත්වෙන අවස්ථා",correct,"ක්‍රිකට්, ෆුට්බෝල් වැනි ක්‍රීඩා පැවැත්වෙන අවස්ථා"
පාසලේ පැවැත්වෙන ක්‍රීඩා උත්සවයක්,correct,පාසලේ පැවැත්වෙන ක්‍රීඩා උත්සවයක්
ගොඩනැගිල්ලක් විවෘත කිරීමක්,correct,ගොඩනැගිල්ලක් විවෘත කිරීම
පොළක්,correct,පොළක්
පෙරහැරක්... ආදී,correct,පෙරහැරක්... ආදී
3. හොඳට,correct,3. හොඳට
4. ළඟට,correct,4. ළඟට
5. ඇඟිලි,correct,5. ඇඟිලි
6. දබරැගිල්ල,Retroflex,7. දබරැඟිල්ල
7. මැදැගිල්ල,Retroflex,7. මැදැඟිල්ල
මාලා ගාල්ලට යනවා,Punctuation,මාලා ගාල්ලට යනවා.
තාරාවා පාරට ආවා,Punctuation,තාරාවා පාරට ආවා.
මාමා මාලයක් ගත්තා,Punctuation,මාමා මාලයක් ගත්තා.
නයනා මාතරට ආවා,Punctuation,නයනා මාතරට ආවා.
කොමාව,correct,කොමාව
වාක්‍යයක් අවසාන වීමට පෙර තබන,correct,වාක්‍යයක් අවසාන වීමට පෙර තබන
"* මම උදෑසන අවදි වී, දත් මැද මුහුණ",correct,"* මම උදෑසන අවදි වී, දත් මැද මුහුණ"
පාසල් ගියෙමි.,correct,පාසල් ගියෙමි.
"මාත් අම්මායි, තාත්තායි දෙන්නම",correct,"මාත් අම්මායි, තාත්තායි දෙන්නම"
බලා ගන්නවා.,correct,බලා ගන්නවා.
"නිල කබායක්, වැස්සට අදින කබායක්, තොප්පි",correct,"නිල කබායක්, වැස්සට අදින කබායක්, තොප්පි"
යක් ද පොලීසියෙන් ඇයට ලැබුණු තෑගිය.,correct,යක් ද පොලීසියෙන් ඇයට ලැබුණු තෑගිය.
"ඇරිස්ටෝවල්, රොටියක් සේ වටකුරු පුප",missing word/letter,"ඇරිස්ටෝවල්, රොටියක් සේ වටකුරු "
ගෙන එය හිරු එළියට ඇල්ලී ය.,correct,ගෙන එය හිරු එළියට ඇල්ලී ය.
"ජීවක වෛද්‍යතුමනි, මාහට අවුරුදු හයක්",correct,"ජීවක වෛද්‍යතුමනි, මාහට අවුරුදු හයක්"
තිස්සේ ම නින්දක් නැත.,correct,තිස්සේ ම නින්දක් නැත.
"ක්ලැරිබෙල්, කහ පාට කැනේරි වර්ගයට",correct,"ක්ලැරිබෙල්, කහ පාට කැනේරි වර්ගයට"
අයත් කුඩා ෂක්ෂියෙක්,correct,අයත් කුඩා ෂක්ෂියෙක්
ගැන සැලකිලිමක් විය යුතුය,Punctuation,ගැන සැලකිලිමක් විය යුතුය.
සත්ව,missing word/letter,සත්ත්ව
පක්ෂියකු,correct,පක්ෂියකු
මීයා,correct,මීයා
කුකුළා,correct,කුකුළා
බකමූණා,correct,බකමූණා
ඌරා,correct,ඌරා
හාවා,correct,හාවා
පුද්ගල නාමපද,correct,පුද්ගල නාමපද
බින්දු,correct,බින්දු
පොලීසිය,correct,පොලීසිය
ඔල්සන්,correct,ඔල්සන්
නංගි,correct,නංගි
රට,correct,රට
පාසල,correct,පාසල
හැරමිටිය,correct,හැරමිටිය
කෝටුව,correct,කෝටුව
ගෙදර,correct,ගෙදර
ගේට්ටුව,correct,ගේට්ටුව
කුරුණෑගල,correct,කුරුණෑගල
පොත,correct,පොත
වැල්,correct,වැල්
පහත ප්‍රස්ථාව පිරුළුවල තේරුම,correct,පහත ප්‍රස්ථාව පිරුළුවල තේරුම
ලියන්න,correct,ලියන්න
ඉබ්බාගෙන් පිහාටු ඉල්ලනවා වගේ,Punctuation,ඉබ්බාගෙන් පිහාටු ඉල්ලනවා වගේ.
කෙනෙකුගෙන් කෙසේවත් ලබා ගත,correct,කෙනෙකුගෙන් කෙසේවත් ලබා ගත
මුවා,correct,මුවා
තුන,correct,තුන
මුල,correct,මුල
දුර,correct,දුර
රුවල,correct,රුවල
රාජකාරිය නිවැරදිව කිරීම,Punctuation,රාජකාරිය නිවැරදිව කිරීම.
පාසලට එන දරුවන් ආරක්ෂිතව පාර මාරු කිරීම.,correct,පාසලට එන දරුවන් ආරක්ෂිතව පාර මාරු කිරීම.
තොමෝ දරුවන්ට මෙන්ම වැඩිහිටියන්ට ද මාර්ග,correct,තොමෝ දරුවන්ට මෙන්ම වැඩිහිටියන්ට ද මාර්ග
නීති මතක් කර දෙයි.,correct,නීති මතක් කර දෙයි.
දරුවන්ට කරුණාවෙන් මග පෙන්වීම.,correct,දරුවන්ට කරුණාවෙන් මග පෙන්වීම.
කිසිදු ප්‍රතිලාභයක් ලබා නොගෙන ඇය සිදු කරන,correct,කිසිදු ප්‍රතිලාභයක් ලබා නොගෙන ඇය සිදු කරන
පිහිටා තිබුණු පොල් මුල,correct,පිහිටා තිබුණු පොල් මුල
"මගේ මාලිගාව, දිව්‍ය",correct,"මගේ මාලිගාව, දිව්‍ය"
බලා ලිවීම,correct,බලා ලිවීම
වත්ත කෙළවරේ උස්,correct,වත්ත කෙළවරේ උස්
"වනය, සිරිපාද කන්ද, පාස",correct,"වනය, සිරිපාද කන්ද, පාස"
තරම් හීන මවන්න මට,correct,තරම් හීන මවන්න මට
බලා ලිවීම,correct,බලා ලිවීම
ඇගේ ගම ගිංතොට ය එය ගාල,missing word/letter,ඇගේ ගම ගිංතොට ය එය ගාල්ල
"ගම්මානයකි. මල්, පලතුරු, ගහකොළවලින්",Word boundary,"ගම්මානයකි. මල්, පලතුරු, ගහ කොළ වලින්"
